mediatype_label,sector_label,record_id,dc_type_de,match_level,cho_class,source_vocab,note,mediatype,sector
Audio,Archive,http://www.deutsche-digitale-bibliothek.de/item/4EWX6N5MTVSXAARFLNS4TK7ZXKEQ4IVC,Werbesendung,fallback,https://ise-fizkarlsruhe.github.io/ddbkg/mocho#Manifestation,,,http://ddb.vocnet.org/medientyp/mt001,http://ddb.vocnet.org/sparte/sparte001
Audio,Archive,http://www.deutsche-digitale-bibliothek.de/item/FKADYPL5QTDOE3NAZKYOLGOQ35I2ZFYT,Werbesendung,fallback,https://ise-fizkarlsruhe.github.io/ddbkg/mocho#Manifestation,,,http://ddb.vocnet.org/medientyp/mt001,http://ddb.vocnet.org/sparte/sparte001
Audio,Archive,http://www.deutsche-digitale-bibliothek.de/item/HICHXMMSD2EKJ35N6QHR62EAN5JRXTTG,Werbesendung,fallback,https://ise-fizkarlsruhe.github.io/ddbkg/mocho#Manifestation,,,http://ddb.vocnet.org/medientyp/mt001,http://ddb.vocnet.org/sparte/sparte001
Audio,Archive,http://www.deutsche-digitale-bibliothek.de/item/LCWG2565GMX24KV757DRM4F3C22LTKJX,Werbesendung,fallback,https://ise-fizkarlsruhe.github.io/ddbkg/mocho#Manifestation,,,http://ddb.vocnet.org/medientyp/mt001,http://ddb.vocnet.org/sparte/sparte001
Audio,Archive,http://www.deutsche-digitale-bibliothek.de/item/RQB3EVSVVRDNQSMPEJMDN4T4F6UWJMCW,Werbesendung,fallback,https://ise-fizkarlsruhe.github.io/ddbkg/mocho#Manifestation,,,http://ddb.vocnet.org/medientyp/mt001,http://ddb.vocnet.org/sparte/sparte001
Audio,Library,http://www.deutsche-digitale-bibliothek.de/item/4PM4L7OWWLEL527O3ABFM2QNXIAZQRCG,Musikaufführung,fallback,https://ise-fizkarlsruhe.github.io/ddbkg/mocho#Manifestation,,,http://ddb.vocnet.org/medientyp/mt001,http://ddb.vocnet.org/sparte/sparte002
Audio,Library,http://www.deutsche-digitale-bibliothek.de/item/AC5WVH3AZKRKZ65DR3QN35NBC3OTBKMY,Musikaufführung,fallback,https://ise-fizkarlsruhe.github.io/ddbkg/mocho#Manifestation,,,http://ddb.vocnet.org/medientyp/mt001,http://ddb.vocnet.org/sparte/sparte002
Audio,Library,http://www.deutsche-digitale-bibliothek.de/item/B4CFVETLXBXFYRM5GFG2PAIBPSXE2NJP,Musikaufführung,fallback,https://ise-fizkarlsruhe.github.io/ddbkg/mocho#Manifestation,,,http://ddb.vocnet.org/medientyp/mt001,http://ddb.vocnet.org/sparte/sparte002
Audio,Library,http://www.deutsche-digitale-bibliothek.de/item/BHSTLKQVPP4ZA2NN64UYOQOUZ4XSGEB4,Musikaufführung,fallback,https://ise-fizkarlsruhe.github.io/ddbkg/mocho#Manifestation,,,http://ddb.vocnet.org/medientyp/mt001,http://ddb.vocnet.org/sparte/sparte002
Audio,Library,http://www.deutsche-digitale-bibliothek.de/item/D4TN2WQ6BCIF6B3ZKRT53E5NRSENPFS5,Musikaufführung,fallback,https://ise-fizkarlsruhe.github.io/ddbkg/mocho#Manifestation,,,http://ddb.vocnet.org/medientyp/mt001,http://ddb.vocnet.org/sparte/sparte002
Audio,Media Library,http://www.deutsche-digitale-bibliothek.de/item/23ITC3GRZD53YVNVKUSBKFIBBTXS63LC,Schellackplatte,any-sector,http://purl.org/ontology/mo/MusicalWork,mo,W-slot (replaces mocho:Manifestation); M-slot=http://purl.org/ontology/mo/MusicalManifestation,http://ddb.vocnet.org/medientyp/mt001,http://ddb.vocnet.org/sparte/sparte005
Audio,Media Library,http://www.deutsche-digitale-bibliothek.de/item/2AHHOWQ2GH3UXMN3LJTNVRS63I2XDXM5,Schellackplatte,any-sector,http://purl.org/ontology/mo/MusicalWork,mo,W-slot (replaces mocho:Manifestation); M-slot=http://purl.org/ontology/mo/MusicalManifestation,http://ddb.vocnet.org/medientyp/mt001,http://ddb.vocnet.org/sparte/sparte005
Audio,Media Library,http://www.deutsche-digitale-bibliothek.de/item/2BDP7EAIFTQY45T5QNYGYF43YCBVHGGI,Schellackplatte,any-sector,http://purl.org/ontology/mo/MusicalWork,mo,W-slot (replaces mocho:Manifestation); M-slot=http://purl.org/ontology/mo/MusicalManifestation,http://ddb.vocnet.org/medientyp/mt001,http://ddb.vocnet.org/sparte/sparte005
Audio,Media Library,http://www.deutsche-digitale-bibliothek.de/item/2CFK6ZY7NRQ2VSDBUEKHWJMCBN2D76LZ,Schellackplatte,any-sector,http://purl.org/ontology/mo/MusicalWork,mo,W-slot (replaces mocho:Manifestation); M-slot=http://purl.org/ontology/mo/MusicalManifestation,http://ddb.vocnet.org/medientyp/mt001,http://ddb.vocnet.org/sparte/sparte005
Audio,Media Library,http://www.deutsche-digitale-bibliothek.de/item/2ECOL6NZF3Y7UKMIHGPLOE56FMMW4I5U,Schellackplatte,any-sector,http://purl.org/ontology/mo/MusicalWork,mo,W-slot (replaces mocho:Manifestation); M-slot=http://purl.org/ontology/mo/MusicalManifestation,http://ddb.vocnet.org/medientyp/mt001,http://ddb.vocnet.org/sparte/sparte005
Audio,Museum,http://www.deutsche-digitale-bibliothek.de/item/6WOA3JT6LBQK6MHOZ2QPMRCIWJEAFJKY,Audiofile,any-sector,https://ise-fizkarlsruhe.github.io/ddbkg/mocho#Manifestation,aco,+ https://w3id.org/ac-ontology/aco#AudioManifestation (M-slot accumulated),http://ddb.vocnet.org/medientyp/mt001,http://ddb.vocnet.org/sparte/sparte006
Audio,Museum,http://www.deutsche-digitale-bibliothek.de/item/7KG7G2QM2WGADT2DL5PMCFSPCSAEYJGQ,Audiofile,any-sector,https://ise-fizkarlsruhe.github.io/ddbkg/mocho#Manifestation,aco,+ https://w3id.org/ac-ontology/aco#AudioManifestation (M-slot accumulated),http://ddb.vocnet.org/medientyp/mt001,http://ddb.vocnet.org/sparte/sparte006
Audio,Museum,http://www.deutsche-digitale-bibliothek.de/item/7QLRNGSGX4MMHZ6BYWN232KWRG2WD44Z,Audiofile,any-sector,https://ise-fizkarlsruhe.github.io/ddbkg/mocho#Manifestation,aco,+ https://w3id.org/ac-ontology/aco#AudioManifestation (M-slot accumulated),http://ddb.vocnet.org/medientyp/mt001,http://ddb.vocnet.org/sparte/sparte006
Audio,Museum,http://www.deutsche-digitale-bibliothek.de/item/GKAXBJF7NRB7D3OU2BT7DNZJWCWTCGFZ,Audiofile,any-sector,https://ise-fizkarlsruhe.github.io/ddbkg/mocho#Manifestation,aco,+ https://w3id.org/ac-ontology/aco#AudioManifestation (M-slot accumulated),http://ddb.vocnet.org/medientyp/mt001,http://ddb.vocnet.org/sparte/sparte006
Audio,Museum,http://www.deutsche-digitale-bibliothek.de/item/2MDF7APWKHRHXGGCEH7EABFDLSRWZK3G,Inszenierung,any-sector,https://ise-fizkarlsruhe.github.io/ddbkg/mocho#Manifestation,aco,+ https://w3id.org/ac-ontology/aco#AudioManifestation (M-slot accumulated),http://ddb.vocnet.org/medientyp/mt001,http://ddb.vocnet.org/sparte/sparte006
Audio,Research,http://www.deutsche-digitale-bibliothek.de/item/54NEG5AM5TILNSIX2IKCO76SRGA5Z6CT,Schellackplatte,any-sector,http://purl.org/ontology/mo/MusicalWork,mo,W-slot (replaces mocho:Manifestation); M-slot=http://purl.org/ontology/mo/MusicalManifestation,http://ddb.vocnet.org/medientyp/mt001,http://ddb.vocnet.org/sparte/sparte004
Audio,Research,http://www.deutsche-digitale-bibliothek.de/item/4RVOEEFENHFTBDS6ZVPOVIAIJNOCQ46I,Tonaufnahme,any-mediatype,https://ise-fizkarlsruhe.github.io/ddbkg/mocho#Manifestation,fabio,D9 fallback,http://ddb.vocnet.org/medientyp/mt001,http://ddb.vocnet.org/sparte/sparte004
Audio,Research,http://www.deutsche-digitale-bibliothek.de/item/7GMIX2TPFQMQED5VYYA7GL5D3MJAT3SA,Tonaufnahme,any-mediatype,https://ise-fizkarlsruhe.github.io/ddbkg/mocho#Manifestation,fabio,D9 fallback,http://ddb.vocnet.org/medientyp/mt001,http://ddb.vocnet.org/sparte/sparte004
Audio,Research,http://www.deutsche-digitale-bibliothek.de/item/BR7435PQUE3A64KVE7CVZVH2MTIFYSKY,Tonaufnahme,any-mediatype,https://ise-fizkarlsruhe.github.io/ddbkg/mocho#Manifestation,fabio,D9 fallback,http://ddb.vocnet.org/medientyp/mt001,http://ddb.vocnet.org/sparte/sparte004
Audio,Research,http://www.deutsche-digitale-bibliothek.de/item/D7I4ZOT7UJJ2YX632S63D74YSED2K32M,Tonaufnahme,any-mediatype,https://ise-fizkarlsruhe.github.io/ddbkg/mocho#Manifestation,fabio,D9 fallback,http://ddb.vocnet.org/medientyp/mt001,http://ddb.vocnet.org/sparte/sparte004
Not Digitized,Archive,http://www.deutsche-digitale-bibliothek.de/item/224BB273RJDT6WN7GAIRV4AJ5ES5YPC5,Akten,any-mediatype,https://ise-fizkarlsruhe.github.io/ddbkg/mocho#Manifestation,fabio,D9 fallback,http://ddb.vocnet.org/medientyp/mt007,http://ddb.vocnet.org/sparte/sparte001
Not Digitized,Archive,http://www.deutsche-digitale-bibliothek.de/item/224ORUYARB2LZD7AVJSFLSFYOKS3IPHK,Audio-Visuelle Medien,fallback,https://ise-fizkarlsruhe.github.io/ddbkg/mocho#Manifestation,,,http://ddb.vocnet.org/medientyp/mt007,http://ddb.vocnet.org/sparte/sparte001
Not Digitized,Archive,http://www.deutsche-digitale-bibliothek.de/item/22BTP7FDOU5DMPXVTKD657WNYYQJDEAO,Personenakten,fallback,https://ise-fizkarlsruhe.github.io/ddbkg/mocho#Manifestation,,,http://ddb.vocnet.org/medientyp/mt007,http://ddb.vocnet.org/sparte/sparte001
Not Digitized,Archive,http://www.deutsche-digitale-bibliothek.de/item/2276BPDMOAU7RLS37N7QGD7C5YVHFDC6,Sonstiges,any-mediatype,https://ise-fizkarlsruhe.github.io/ddbkg/mocho#Manifestation,fabio,D9 fallback,http://ddb.vocnet.org/medientyp/mt007,http://ddb.vocnet.org/sparte/sparte001
Not Digitized,Archive,http://www.deutsche-digitale-bibliothek.de/item/22CINUALPZYESFYSEGGCWO5GKT2H6KIG,Urkunden,fallback,https://ise-fizkarlsruhe.github.io/ddbkg/mocho#Manifestation,,,http://ddb.vocnet.org/medientyp/mt007,http://ddb.vocnet.org/sparte/sparte001
Not Digitized,Library,http://www.deutsche-digitale-bibliothek.de/item/22NTTUJZMP7BAZTYX5JXSEDG2IRA3FIO,Comic,fallback,https://ise-fizkarlsruhe.github.io/ddbkg/mocho#Manifestation,,,http://ddb.vocnet.org/medientyp/mt007,http://ddb.vocnet.org/sparte/sparte002
Not Digitized,Library,http://www.deutsche-digitale-bibliothek.de/item/22FXIOS6OQMMYSDHMNJRQPADHUHLZPDG,Hochschulschrift,any-mediatype,https://ise-fizkarlsruhe.github.io/ddbkg/mocho#Manifestation,fabio,D9 fallback,http://ddb.vocnet.org/medientyp/mt007,http://ddb.vocnet.org/sparte/sparte002
Not Digitized,Library,http://www.deutsche-digitale-bibliothek.de/item/22HOHBM2DCZ232CPIA5K5NDEQBONH4X5,Hochschulschrift,any-mediatype,https://ise-fizkarlsruhe.github.io/ddbkg/mocho#Manifestation,fabio,D9 fallback,http://ddb.vocnet.org/medientyp/mt007,http://ddb.vocnet.org/sparte/sparte002
Not Digitized,Library,http://www.deutsche-digitale-bibliothek.de/item/22MBKP7UGKMJ3MIGSXD7J2XNYFC6PZZE,Lyrik,any-mediatype,https://ise-fizkarlsruhe.github.io/ddbkg/mocho#Manifestation,fabio,D9 fallback,http://ddb.vocnet.org/medientyp/mt007,http://ddb.vocnet.org/sparte/sparte002
Not Digitized,Library,http://www.deutsche-digitale-bibliothek.de/item/227H6MUY4Q2VX5RV5YTQHB7QFAHHJSNU,Reisebericht 1786-1787,fallback,https://ise-fizkarlsruhe.github.io/ddbkg/mocho#Manifestation,,,http://ddb.vocnet.org/medientyp/mt007,http://ddb.vocnet.org/sparte/sparte002
Not Digitized,Media Library,http://www.deutsche-digitale-bibliothek.de/item/6FMA4QCQT3SKCALKJPPW2KOY4SRHPJCK,Fotografie,any-mediatype,https://ise-fizkarlsruhe.github.io/ddbkg/mocho#Manifestation,fabio,D9 fallback,http://ddb.vocnet.org/medientyp/mt007,http://ddb.vocnet.org/sparte/sparte005
Not Digitized,Media Library,http://www.deutsche-digitale-bibliothek.de/item/CBBK6KJWNWGVP57URFDMTZLA6OG6CBC7,Fotografie,any-mediatype,https://ise-fizkarlsruhe.github.io/ddbkg/mocho#Manifestation,fabio,D9 fallback,http://ddb.vocnet.org/medientyp/mt007,http://ddb.vocnet.org/sparte/sparte005
Not Digitized,Media Library,http://www.deutsche-digitale-bibliothek.de/item/L6WFGHOQ7U6BK5T4N4ESKMFNPJZX3X37,Fotografie,any-mediatype,https://ise-fizkarlsruhe.github.io/ddbkg/mocho#Manifestation,fabio,D9 fallback,http://ddb.vocnet.org/medientyp/mt007,http://ddb.vocnet.org/sparte/sparte005
Not Digitized,Media Library,http://www.deutsche-digitale-bibliothek.de/item/HGX63ISDYFMBG7EIQB2FCYLXACZTLPG7,Negativ,fallback,https://ise-fizkarlsruhe.github.io/ddbkg/mocho#Manifestation,,,http://ddb.vocnet.org/medientyp/mt007,http://ddb.vocnet.org/sparte/sparte005
Not Digitized,Media Library,http://www.deutsche-digitale-bibliothek.de/item/KVBWBKZJFDRGBREDKL4V6ABZEBF7FDF3,Negativ,fallback,https://ise-fizkarlsruhe.github.io/ddbkg/mocho#Manifestation,,,http://ddb.vocnet.org/medientyp/mt007,http://ddb.vocnet.org/sparte/sparte005
Not Digitized,Monument,http://www.deutsche-digitale-bibliothek.de/item/2B3I4HYFIYTGP7GR2FSDS224SUHVTYT2,Baudenkmal,fallback,https://ise-fizkarlsruhe.github.io/ddbkg/mocho#Manifestation,,,http://ddb.vocnet.org/medientyp/mt007,http://ddb.vocnet.org/sparte/sparte003
Not Digitized,Monument,http://www.deutsche-digitale-bibliothek.de/item/45HCTCSZQEHBWCVIO2IOHCSQ7J7UHMR4,Baudenkmal,fallback,https://ise-fizkarlsruhe.github.io/ddbkg/mocho#Manifestation,,,http://ddb.vocnet.org/medientyp/mt007,http://ddb.vocnet.org/sparte/sparte003
Not Digitized,Monument,http://www.deutsche-digitale-bibliothek.de/item/4EB5IOA5UAQLOH52CIRM7WXTBSFWY7WQ,Baudenkmal,fallback,https://ise-fizkarlsruhe.github.io/ddbkg/mocho#Manifestation,,,http://ddb.vocnet.org/medientyp/mt007,http://ddb.vocnet.org/sparte/sparte003
Not Digitized,Monument,http://www.deutsche-digitale-bibliothek.de/item/4QKZ53HPXOCRNIEWPPEH3K5YTEW5CA4V,Baudenkmal,fallback,https://ise-fizkarlsruhe.github.io/ddbkg/mocho#Manifestation,,,http://ddb.vocnet.org/medientyp/mt007,http://ddb.vocnet.org/sparte/sparte003
Not Digitized,Monument,http://www.deutsche-digitale-bibliothek.de/item/4HT2HSNENKT6W6555BLPGULC2U43YS6K,Straße,fallback,https://ise-fizkarlsruhe.github.io/ddbkg/mocho#Manifestation,,,http://ddb.vocnet.org/medientyp/mt007,http://ddb.vocnet.org/sparte/sparte003
Not Digitized,Museum,http://www.deutsche-digitale-bibliothek.de/item/22UBGG2EKT23IN3WFBUDEMSWE3WZLMY5,Audio,fallback,https://ise-fizkarlsruhe.github.io/ddbkg/mocho#Manifestation,,,http://ddb.vocnet.org/medientyp/mt007,http://ddb.vocnet.org/sparte/sparte006
Not Digitized,Museum,http://www.deutsche-digitale-bibliothek.de/item/2BX6GOGZZYBAY2VCZBT2CRGMY3CI6E2R,Brief,any-mediatype,https://ise-fizkarlsruhe.github.io/ddbkg/mocho#Manifestation,fabio,D9 fallback,http://ddb.vocnet.org/medientyp/mt007,http://ddb.vocnet.org/sparte/sparte006
Not Digitized,Museum,http://www.deutsche-digitale-bibliothek.de/item/2AHAIOOCJCMV3OLQVVSKIIWIKYDDBPYA,Druckschrift,fallback,https://ise-fizkarlsruhe.github.io/ddbkg/mocho#Manifestation,,,http://ddb.vocnet.org/medientyp/mt007,http://ddb.vocnet.org/sparte/sparte006
Not Digitized,Museum,http://www.deutsche-digitale-bibliothek.de/item/2P5KJHXTIHRAMVEY5IHJ4V7VWVGVNJ54,Druckschrift,fallback,https://ise-fizkarlsruhe.github.io/ddbkg/mocho#Manifestation,,,http://ddb.vocnet.org/medientyp/mt007,http://ddb.vocnet.org/sparte/sparte006
Not Digitized,Museum,http://www.deutsche-digitale-bibliothek.de/item/2F5RPFPUC7YOUQ4GN7YX6GXUSBLO7H5S,Erinnerungsstück,fallback,https://ise-fizkarlsruhe.github.io/ddbkg/mocho#Manifestation,,,http://ddb.vocnet.org/medientyp/mt007,http://ddb.vocnet.org/sparte/sparte006
Not Digitized,Research,http://www.deutsche-digitale-bibliothek.de/item/2HRIXFTQLZLXWOKT7YTVKINOSN4PHLZY,Archivale,fallback,https://ise-fizkarlsruhe.github.io/ddbkg/mocho#Manifestation,,,http://ddb.vocnet.org/medientyp/mt007,http://ddb.vocnet.org/sparte/sparte004
Not Digitized,Research,http://www.deutsche-digitale-bibliothek.de/item/3DPAZHITMCOZ4L2I23RPMS5HMWQRES73,Archivale,fallback,https://ise-fizkarlsruhe.github.io/ddbkg/mocho#Manifestation,,,http://ddb.vocnet.org/medientyp/mt007,http://ddb.vocnet.org/sparte/sparte004
Not Digitized,Research,http://www.deutsche-digitale-bibliothek.de/item/3U5HRLXS7VQRUWN6DOOMW6JUJICOQLT3,Archivale,fallback,https://ise-fizkarlsruhe.github.io/ddbkg/mocho#Manifestation,,,http://ddb.vocnet.org/medientyp/mt007,http://ddb.vocnet.org/sparte/sparte004
Not Digitized,Research,http://www.deutsche-digitale-bibliothek.de/item/4DTLY7HNV6DHMOVSNY4FO2TXD76NVB3H,Archivale,fallback,https://ise-fizkarlsruhe.github.io/ddbkg/mocho#Manifestation,,,http://ddb.vocnet.org/medientyp/mt007,http://ddb.vocnet.org/sparte/sparte004
Not Digitized,Research,http://www.deutsche-digitale-bibliothek.de/item/4HOGB5KHZJZASQHWRHYNC63KMCY6JTT4,Folge,fallback,https://ise-fizkarlsruhe.github.io/ddbkg/mocho#Manifestation,,,http://ddb.vocnet.org/medientyp/mt007,http://ddb.vocnet.org/sparte/sparte004
Photo,Archive,http://www.deutsche-digitale-bibliothek.de/item/2253KDIHJ5IS2BS4PENPXLUMKJHF7LIC,Archivale,exact,https://ise-fizkarlsruhe.github.io/ddbkg/mocho#Manifestation,mocho,mocho:Manifestation explicit,http://ddb.vocnet.org/medientyp/mt002,http://ddb.vocnet.org/sparte/sparte001
Photo,Archive,http://www.deutsche-digitale-bibliothek.de/item/2266PS6MJ6DE7EQK4WDS2SETDT2E4QZF,Archivale,exact,https://ise-fizkarlsruhe.github.io/ddbkg/mocho#Manifestation,mocho,mocho:Manifestation explicit,http://ddb.vocnet.org/medientyp/mt002,http://ddb.vocnet.org/sparte/sparte001
Photo,Archive,http://www.deutsche-digitale-bibliothek.de/item/22C35SQ2D22YMXQJX4DNX5KP5T3WCWUZ,Archivale,exact,https://ise-fizkarlsruhe.github.io/ddbkg/mocho#Manifestation,mocho,mocho:Manifestation explicit,http://ddb.vocnet.org/medientyp/mt002,http://ddb.vocnet.org/sparte/sparte001
Photo,Archive,http://www.deutsche-digitale-bibliothek.de/item/22M54XUOB7WWC46DVDT3AFCZ3W6Q5AL7,Archivale,exact,https://ise-fizkarlsruhe.github.io/ddbkg/mocho#Manifestation,mocho,mocho:Manifestation explicit,http://ddb.vocnet.org/medientyp/mt002,http://ddb.vocnet.org/sparte/sparte001
Photo,Archive,http://www.deutsche-digitale-bibliothek.de/item/22UHWUR3ZWPZYQFMS7BZMS62QW2CCDM7,Handschrift (Manuskript),exact,https://ise-fizkarlsruhe.github.io/ddbkg/mocho#Manifestation,mocho,mocho:Manifestation explicit,http://ddb.vocnet.org/medientyp/mt002,http://ddb.vocnet.org/sparte/sparte001
Photo,Library,http://www.deutsche-digitale-bibliothek.de/item/23XJVF3IOKJAR2Y2ALXLDSWAIB2CZHRA,Buch,exact,https://ise-fizkarlsruhe.github.io/ddbkg/mocho#Manifestation,mocho,mocho:Manifestation explicit,http://ddb.vocnet.org/medientyp/mt002,http://ddb.vocnet.org/sparte/sparte002
Photo,Library,http://www.deutsche-digitale-bibliothek.de/item/23L7O7HWLLXUN7472NSR6T4BDGYRECQ3,Druck,exact,https://ise-fizkarlsruhe.github.io/ddbkg/mocho#Manifestation,mocho,mocho:Manifestation explicit,http://ddb.vocnet.org/medientyp/mt002,http://ddb.vocnet.org/sparte/sparte002
Photo,Library,http://www.deutsche-digitale-bibliothek.de/item/226FZ26M5EBLSX4RQQRV2JAWRJ77I765,Illustration,exact,https://ise-fizkarlsruhe.github.io/ddbkg/mocho#Manifestation,mocho,mocho:Manifestation explicit,http://ddb.vocnet.org/medientyp/mt002,http://ddb.vocnet.org/sparte/sparte002
Photo,Library,http://www.deutsche-digitale-bibliothek.de/item/23V7RBWOYSKRGUXOVCOYDBVAT3GLUAWA,Illustration,exact,https://ise-fizkarlsruhe.github.io/ddbkg/mocho#Manifestation,mocho,mocho:Manifestation explicit,http://ddb.vocnet.org/medientyp/mt002,http://ddb.vocnet.org/sparte/sparte002
Photo,Library,http://www.deutsche-digitale-bibliothek.de/item/24DUZE267EDJEQFF2GREDS2ZMWPIPQU2,Illustration,exact,https://ise-fizkarlsruhe.github.io/ddbkg/mocho#Manifestation,mocho,mocho:Manifestation explicit,http://ddb.vocnet.org/medientyp/mt002,http://ddb.vocnet.org/sparte/sparte002
Photo,Media Library,http://www.deutsche-digitale-bibliothek.de/item/22424UUJXWRCZBFORC4EHSSUZGRCIXAX,Druck,exact,https://ise-fizkarlsruhe.github.io/ddbkg/mocho#ImageWork,mocho,W-slot (replaces mocho:Manifestation); M-slot=—,http://ddb.vocnet.org/medientyp/mt002,http://ddb.vocnet.org/sparte/sparte005
Photo,Media Library,http://www.deutsche-digitale-bibliothek.de/item/222NZKK63TNRLC2VETRV722VKBDSUVGL,Fotoalbum,exact,https://ise-fizkarlsruhe.github.io/ddbkg/mocho#ImageWork,mocho,W-slot (replaces mocho:Manifestation); M-slot=—,http://ddb.vocnet.org/medientyp/mt002,http://ddb.vocnet.org/sparte/sparte005
Photo,Media Library,http://www.deutsche-digitale-bibliothek.de/item/2277HOLCPL7BKUYSHLKKDUFY4MTNWACN,Fotografie,exact,https://ise-fizkarlsruhe.github.io/ddbkg/mocho#ImageWork,mocho,W-slot (replaces mocho:Manifestation); M-slot=—,http://ddb.vocnet.org/medientyp/mt002,http://ddb.vocnet.org/sparte/sparte005
Photo,Media Library,http://www.deutsche-digitale-bibliothek.de/item/22CUHWTDAGLYAD4RIF3C3GMOU22A44W7,Fotografie,exact,https://ise-fizkarlsruhe.github.io/ddbkg/mocho#ImageWork,mocho,W-slot (replaces mocho:Manifestation); M-slot=—,http://ddb.vocnet.org/medientyp/mt002,http://ddb.vocnet.org/sparte/sparte005
Photo,Media Library,http://www.deutsche-digitale-bibliothek.de/item/22DXHZLAXPT3RYTNKQADYLYTKMUHQGZH,Fotografie,exact,https://ise-fizkarlsruhe.github.io/ddbkg/mocho#ImageWork,mocho,W-slot (replaces mocho:Manifestation); M-slot=—,http://ddb.vocnet.org/medientyp/mt002,http://ddb.vocnet.org/sparte/sparte005
Photo,Monument,http://www.deutsche-digitale-bibliothek.de/item/22RYM4HUYOS46WRCZYUQKTPJQ3X76QVO,Baudenkmal,exact,https://ise-fizkarlsruhe.github.io/ddbkg/mocho#ImmovableWork,mocho,W-slot (replaces mocho:Manifestation); M-slot=—,http://ddb.vocnet.org/medientyp/mt002,http://ddb.vocnet.org/sparte/sparte003
Photo,Monument,http://www.deutsche-digitale-bibliothek.de/item/2NBUQ26FFG7QZHKUGVZ4JQIGUHODPOKH,Baudenkmal,exact,https://ise-fizkarlsruhe.github.io/ddbkg/mocho#ImmovableWork,mocho,W-slot (replaces mocho:Manifestation); M-slot=—,http://ddb.vocnet.org/medientyp/mt002,http://ddb.vocnet.org/sparte/sparte003
Photo,Monument,http://www.deutsche-digitale-bibliothek.de/item/2OBLNUCHOLXNB4CQNKDLZAMAPJZBXUST,Baudenkmal,exact,https://ise-fizkarlsruhe.github.io/ddbkg/mocho#ImmovableWork,mocho,W-slot (replaces mocho:Manifestation); M-slot=—,http://ddb.vocnet.org/medientyp/mt002,http://ddb.vocnet.org/sparte/sparte003
Photo,Monument,http://www.deutsche-digitale-bibliothek.de/item/2TOZIU5OHUVC6RVWDLKYOPNU7BEUOAHG,Baudenkmal,exact,https://ise-fizkarlsruhe.github.io/ddbkg/mocho#ImmovableWork,mocho,W-slot (replaces mocho:Manifestation); M-slot=—,http://ddb.vocnet.org/medientyp/mt002,http://ddb.vocnet.org/sparte/sparte003
Photo,Monument,http://www.deutsche-digitale-bibliothek.de/item/2PKIUGNGX24PUGSN5NP7KRIVQ5LUUHTY,Brücke,exact,http://purl.org/vra/Work,vra,W-slot (replaces mocho:Manifestation); M-slot=—,http://ddb.vocnet.org/medientyp/mt002,http://ddb.vocnet.org/sparte/sparte003
Photo,Museum,http://www.deutsche-digitale-bibliothek.de/item/225STL7K4R2LPP6MIWBKY3OFPZKCOVXO,Bildwerk,exact,http://purl.org/vra/Work,vra,W-slot (replaces mocho:Manifestation); M-slot=—,http://ddb.vocnet.org/medientyp/mt002,http://ddb.vocnet.org/sparte/sparte006
Photo,Museum,http://www.deutsche-digitale-bibliothek.de/item/22DOAKI6RFPU7TJFOQONCSEHX4ELEUBG,Druckgraphik,exact,http://purl.org/vra/Work,vra,W-slot (replaces mocho:Manifestation); M-slot=—,http://ddb.vocnet.org/medientyp/mt002,http://ddb.vocnet.org/sparte/sparte006
Photo,Museum,http://www.deutsche-digitale-bibliothek.de/item/22I5HALVKVZ2XZFWXVFTDY3VML664LRY,Plastik,exact,http://purl.org/vra/Work,vra,W-slot (replaces mocho:Manifestation); M-slot=—,http://ddb.vocnet.org/medientyp/mt002,http://ddb.vocnet.org/sparte/sparte006
Photo,Museum,http://www.deutsche-digitale-bibliothek.de/item/22KLBUH3CGPOMMKHZY5OE4RHZ73EME2S,Rollenporträt,exact,http://purl.org/vra/Work,vra,W-slot (replaces mocho:Manifestation); M-slot=—,http://ddb.vocnet.org/medientyp/mt002,http://ddb.vocnet.org/sparte/sparte006
Photo,Museum,http://www.deutsche-digitale-bibliothek.de/item/223JG2LHJF3OMIAZ2ISKXOMKU6FXTVKJ,Zeichnung,exact,http://purl.org/vra/Work,vra,W-slot (replaces mocho:Manifestation); M-slot=—,http://ddb.vocnet.org/medientyp/mt002,http://ddb.vocnet.org/sparte/sparte006
Photo,Others,http://www.deutsche-digitale-bibliothek.de/item/4PPZXPGIL4L25RJGHZBD6WHRMIRWOFTQ,Druckgraphik,exact,https://ise-fizkarlsruhe.github.io/ddbkg/mocho#Manifestation,mocho,mocho:Manifestation explicit,http://ddb.vocnet.org/medientyp/mt002,http://ddb.vocnet.org/sparte/sparte007
Photo,Others,http://www.deutsche-digitale-bibliothek.de/item/3RSJ6WTXAHBFZQCBKNH5B2OMCDBPDM4Y,Gemälde,exact,https://ise-fizkarlsruhe.github.io/ddbkg/mocho#Manifestation,mocho,mocho:Manifestation explicit,http://ddb.vocnet.org/medientyp/mt002,http://ddb.vocnet.org/sparte/sparte007
Photo,Others,http://www.deutsche-digitale-bibliothek.de/item/3WBR2N3GRCSKLCLO64QBF7XU6QZ5TVJC,Schwarzweißfotografie,exact,https://ise-fizkarlsruhe.github.io/ddbkg/mocho#Manifestation,mocho,mocho:Manifestation explicit,http://ddb.vocnet.org/medientyp/mt002,http://ddb.vocnet.org/sparte/sparte007
Photo,Others,http://www.deutsche-digitale-bibliothek.de/item/4BYDCG2FOO27JLTH7Z5U6GNJFSXYGA26,Schwarzweißfotografie,exact,https://ise-fizkarlsruhe.github.io/ddbkg/mocho#Manifestation,mocho,mocho:Manifestation explicit,http://ddb.vocnet.org/medientyp/mt002,http://ddb.vocnet.org/sparte/sparte007
Photo,Others,http://www.deutsche-digitale-bibliothek.de/item/4WLAFKUVL3R6HP66RDQZFFENWHZDRKE4,Schwarzweißfotografie,exact,https://ise-fizkarlsruhe.github.io/ddbkg/mocho#Manifestation,mocho,mocho:Manifestation explicit,http://ddb.vocnet.org/medientyp/mt002,http://ddb.vocnet.org/sparte/sparte007
Photo,Research,http://www.deutsche-digitale-bibliothek.de/item/23VQJWYUTEWY6P6ZTKRXAHZKBAZDL7TZ,Ansichtskarte / Motivkarte,exact,https://ise-fizkarlsruhe.github.io/ddbkg/mocho#Manifestation,mocho,mocho:Manifestation explicit,http://ddb.vocnet.org/medientyp/mt002,http://ddb.vocnet.org/sparte/sparte004
Photo,Research,http://www.deutsche-digitale-bibliothek.de/item/25C4BKLCXEHVIKHHTRPM27SDT35I2TVA,Gemälde,exact,https://ise-fizkarlsruhe.github.io/ddbkg/mocho#Manifestation,mocho,mocho:Manifestation explicit,http://ddb.vocnet.org/medientyp/mt002,http://ddb.vocnet.org/sparte/sparte004
Photo,Research,http://www.deutsche-digitale-bibliothek.de/item/23C3YUD4YGFV5MVZCPVLGSCXMSMUXZFR,Häckel,exact,https://ise-fizkarlsruhe.github.io/ddbkg/mocho#Manifestation,mocho,mocho:Manifestation explicit,http://ddb.vocnet.org/medientyp/mt002,http://ddb.vocnet.org/sparte/sparte004
Photo,Research,http://www.deutsche-digitale-bibliothek.de/item/23MBRVVDUHBFZNDCTK4SQM7KROKGVGNF,Streetart,exact,https://ise-fizkarlsruhe.github.io/ddbkg/mocho#Manifestation,mocho,mocho:Manifestation explicit,http://ddb.vocnet.org/medientyp/mt002,http://ddb.vocnet.org/sparte/sparte004
Photo,Research,http://www.deutsche-digitale-bibliothek.de/item/26LIMC2RL7UBHRGYXGXKRWFR2MQXW3K7,Universitätsinstitut,exact,https://ise-fizkarlsruhe.github.io/ddbkg/mocho#ImmovableWork,mocho,W-slot (replaces mocho:Manifestation); M-slot=—,http://ddb.vocnet.org/medientyp/mt002,http://ddb.vocnet.org/sparte/sparte004
Text,Archive,http://www.deutsche-digitale-bibliothek.de/item/222SF6AM6ZCXSJTNREHJUCX5SRTJDBK7,Dokument,any-mediatype,https://ise-fizkarlsruhe.github.io/ddbkg/mocho#Manifestation,fabio,D9 fallback,http://ddb.vocnet.org/medientyp/mt003,http://ddb.vocnet.org/sparte/sparte001
Text,Archive,http://www.deutsche-digitale-bibliothek.de/item/2247QJNIJYOPWSC3FR23HPB57CGJEJAB,Dokument,any-mediatype,https://ise-fizkarlsruhe.github.io/ddbkg/mocho#Manifestation,fabio,D9 fallback,http://ddb.vocnet.org/medientyp/mt003,http://ddb.vocnet.org/sparte/sparte001
Text,Archive,http://www.deutsche-digitale-bibliothek.de/item/224WMDCYFJEMGXL5T6PIC23L34IBXL5A,Dokument,any-mediatype,https://ise-fizkarlsruhe.github.io/ddbkg/mocho#Manifestation,fabio,D9 fallback,http://ddb.vocnet.org/medientyp/mt003,http://ddb.vocnet.org/sparte/sparte001
Text,Archive,http://www.deutsche-digitale-bibliothek.de/item/2257KEJVCMOXBSMC7JHV2NZGJ7VVH7FB,Dokument,any-mediatype,https://ise-fizkarlsruhe.github.io/ddbkg/mocho#Manifestation,fabio,D9 fallback,http://ddb.vocnet.org/medientyp/mt003,http://ddb.vocnet.org/sparte/sparte001
Text,Archive,http://www.deutsche-digitale-bibliothek.de/item/225LOCJZSZLTA4DCUBFIHG72SPN7JTQZ,Dokument,any-mediatype,https://ise-fizkarlsruhe.github.io/ddbkg/mocho#Manifestation,fabio,D9 fallback,http://ddb.vocnet.org/medientyp/mt003,http://ddb.vocnet.org/sparte/sparte001
Text,Library,http://www.deutsche-digitale-bibliothek.de/item/22E2JOKC5LZSDCUA2QX5DPOVMRUPGWHW,Abschnitt,any-mediatype,https://ise-fizkarlsruhe.github.io/ddbkg/mocho#Manifestation,fabio,D9 fallback,http://ddb.vocnet.org/medientyp/mt003,http://ddb.vocnet.org/sparte/sparte002
Text,Library,http://www.deutsche-digitale-bibliothek.de/item/223ZWIZMKRPEKXZ567L5J3NCOK7QHZQF,Arbeitspapier,any-mediatype,https://ise-fizkarlsruhe.github.io/ddbkg/mocho#Manifestation,fabio,D9 fallback,http://ddb.vocnet.org/medientyp/mt003,http://ddb.vocnet.org/sparte/sparte002
Text,Library,http://www.deutsche-digitale-bibliothek.de/item/2275O476XXIABGEBHVIVRWCQMCP344SF,Arbeitspapier,any-mediatype,https://ise-fizkarlsruhe.github.io/ddbkg/mocho#Manifestation,fabio,D9 fallback,http://ddb.vocnet.org/medientyp/mt003,http://ddb.vocnet.org/sparte/sparte002
Text,Library,http://www.deutsche-digitale-bibliothek.de/item/223HW6FWOQ76BH2QWZIBG25BHOXKCY2I,notated music,fallback,https://ise-fizkarlsruhe.github.io/ddbkg/mocho#Manifestation,,,http://ddb.vocnet.org/medientyp/mt003,http://ddb.vocnet.org/sparte/sparte002
Text,Library,http://www.deutsche-digitale-bibliothek.de/item/2232SHIEGSHBLDSJUZF4PL53QYCFXSUX,text,fallback,https://ise-fizkarlsruhe.github.io/ddbkg/mocho#Manifestation,,,http://ddb.vocnet.org/medientyp/mt003,http://ddb.vocnet.org/sparte/sparte002
Text,Media Library,http://www.deutsche-digitale-bibliothek.de/item/FAZXABZIZO4MNZODFU3V472OEJLKEPGN,Artikel,any-mediatype,https://ise-fizkarlsruhe.github.io/ddbkg/mocho#Manifestation,fabio,D9 fallback,http://ddb.vocnet.org/medientyp/mt003,http://ddb.vocnet.org/sparte/sparte005
Text,Media Library,http://www.deutsche-digitale-bibliothek.de/item/SAQGK3E6MS2GNDSHFUBSIBXJ2IXAI3IL,Artikel,any-mediatype,https://ise-fizkarlsruhe.github.io/ddbkg/mocho#Manifestation,fabio,D9 fallback,http://ddb.vocnet.org/medientyp/mt003,http://ddb.vocnet.org/sparte/sparte005
Text,Museum,http://www.deutsche-digitale-bibliothek.de/item/5VQSQFBD7YASNGSUVMVJVIR43JAQR777,Abschnitt,any-mediatype,https://ise-fizkarlsruhe.github.io/ddbkg/mocho#Manifestation,fabio,D9 fallback,http://ddb.vocnet.org/medientyp/mt003,http://ddb.vocnet.org/sparte/sparte006
Text,Museum,http://www.deutsche-digitale-bibliothek.de/item/5HC6XGU6CNKO22MKFX4XZRJ6RXAHXFLE,Druck,any-mediatype,https://ise-fizkarlsruhe.github.io/ddbkg/mocho#Manifestation,fabio,D9 fallback,http://ddb.vocnet.org/medientyp/mt003,http://ddb.vocnet.org/sparte/sparte006
Text,Museum,http://www.deutsche-digitale-bibliothek.de/item/CSRHNOHCB7SDJ2HF4DAHGZ6OCRQSF4QJ,Druck,any-mediatype,https://ise-fizkarlsruhe.github.io/ddbkg/mocho#Manifestation,fabio,D9 fallback,http://ddb.vocnet.org/medientyp/mt003,http://ddb.vocnet.org/sparte/sparte006
Text,Museum,http://www.deutsche-digitale-bibliothek.de/item/AKHNXJO3WFVOPSUEV5HY3HJXKUZXKJ2I,Forschungs- und Entwicklungsbericht,fallback,https://ise-fizkarlsruhe.github.io/ddbkg/mocho#Manifestation,,,http://ddb.vocnet.org/medientyp/mt003,http://ddb.vocnet.org/sparte/sparte006
Text,Museum,http://www.deutsche-digitale-bibliothek.de/item/C3JAJFQ43YBXPXHMNEBYBMW5XUN5FWMU,Zeitung,any-mediatype,https://ise-fizkarlsruhe.github.io/ddbkg/mocho#Manifestation,fabio,D9 fallback,http://ddb.vocnet.org/medientyp/mt003,http://ddb.vocnet.org/sparte/sparte006
Text,Others,http://www.deutsche-digitale-bibliothek.de/item/5Q3IOGBMHDPZGI2VREWK6EGGMKM522ZE,Abschnitt,any-mediatype,https://ise-fizkarlsruhe.github.io/ddbkg/mocho#Manifestation,fabio,D9 fallback,http://ddb.vocnet.org/medientyp/mt003,http://ddb.vocnet.org/sparte/sparte007
Text,Others,http://www.deutsche-digitale-bibliothek.de/item/CWQFJMIGRT24K2B3A76UHWWBM7Y23QCG,Abschnitt,any-mediatype,https://ise-fizkarlsruhe.github.io/ddbkg/mocho#Manifestation,fabio,D9 fallback,http://ddb.vocnet.org/medientyp/mt003,http://ddb.vocnet.org/sparte/sparte007
Text,Others,http://www.deutsche-digitale-bibliothek.de/item/DYOMZDTIROQXZYRXEAYPICNB62QDOJC7,Abschnitt,any-mediatype,https://ise-fizkarlsruhe.github.io/ddbkg/mocho#Manifestation,fabio,D9 fallback,http://ddb.vocnet.org/medientyp/mt003,http://ddb.vocnet.org/sparte/sparte007
Text,Others,http://www.deutsche-digitale-bibliothek.de/item/ACTU5HKXEIDGUGOU2JYCMAQHCJVLXWG3,Monografie,any-mediatype,https://ise-fizkarlsruhe.github.io/ddbkg/mocho#Manifestation,fabio,D9 fallback,http://ddb.vocnet.org/medientyp/mt003,http://ddb.vocnet.org/sparte/sparte007
Text,Others,http://www.deutsche-digitale-bibliothek.de/item/6TR7YP6VRY6KX6OBOUFAVIAPU2M77NQP,mehrbändiges Werk,any-mediatype,https://ise-fizkarlsruhe.github.io/ddbkg/mocho#Manifestation,fabio,D9 fallback,http://ddb.vocnet.org/medientyp/mt003,http://ddb.vocnet.org/sparte/sparte007
Text,Research,http://www.deutsche-digitale-bibliothek.de/item/2ID5VWAJXWFQEFLGV3PO2MX4GHO36NLG,Abschnitt,any-mediatype,https://ise-fizkarlsruhe.github.io/ddbkg/mocho#Manifestation,fabio,D9 fallback,http://ddb.vocnet.org/medientyp/mt003,http://ddb.vocnet.org/sparte/sparte004
Text,Research,http://www.deutsche-digitale-bibliothek.de/item/2O2OOPGKKEFKK67KD3VQVPYZ766QSQEH,Abschnitt,any-mediatype,https://ise-fizkarlsruhe.github.io/ddbkg/mocho#Manifestation,fabio,D9 fallback,http://ddb.vocnet.org/medientyp/mt003,http://ddb.vocnet.org/sparte/sparte004
Text,Research,http://www.deutsche-digitale-bibliothek.de/item/23GGVMAV6GA23GG5RAN5OGPCYRCIQQTG,Kapitel,any-mediatype,https://ise-fizkarlsruhe.github.io/ddbkg/mocho#Manifestation,fabio,D9 fallback,http://ddb.vocnet.org/medientyp/mt003,http://ddb.vocnet.org/sparte/sparte004
Text,Research,http://www.deutsche-digitale-bibliothek.de/item/2QNAT2USV3WQO2SBVARAI3DYI6TIZUUD,Kapitel,any-mediatype,https://ise-fizkarlsruhe.github.io/ddbkg/mocho#Manifestation,fabio,D9 fallback,http://ddb.vocnet.org/medientyp/mt003,http://ddb.vocnet.org/sparte/sparte004
Text,Research,http://www.deutsche-digitale-bibliothek.de/item/2TIGIZ5274KSDFKLDYUMPFYGCGYWWAUO,Kapitel,any-mediatype,https://ise-fizkarlsruhe.github.io/ddbkg/mocho#Manifestation,fabio,D9 fallback,http://ddb.vocnet.org/medientyp/mt003,http://ddb.vocnet.org/sparte/sparte004
Video,Archive,http://www.deutsche-digitale-bibliothek.de/item/6G6YZKQFXBRPHDQENHMTYAILXDOK3XXY,Interview,exact,https://ise-fizkarlsruhe.github.io/ddbkg/mocho#Manifestation,ebucoreplus,+ http://www.ebu.ch/metadata/ontologies/ebucoreplus#EditorialWork (M-slot accumulated),http://ddb.vocnet.org/medientyp/mt005,http://ddb.vocnet.org/sparte/sparte001
Video,Archive,http://www.deutsche-digitale-bibliothek.de/item/B4HABHZNWXD6YX6YHTYVMPBAYD2WOUOT,Interview,exact,https://ise-fizkarlsruhe.github.io/ddbkg/mocho#Manifestation,ebucoreplus,+ http://www.ebu.ch/metadata/ontologies/ebucoreplus#EditorialWork (M-slot accumulated),http://ddb.vocnet.org/medientyp/mt005,http://ddb.vocnet.org/sparte/sparte001
Video,Archive,http://www.deutsche-digitale-bibliothek.de/item/BXMOO2JQSGYDNDF7L5FZRSFY5WDPUHP6,Interview,exact,https://ise-fizkarlsruhe.github.io/ddbkg/mocho#Manifestation,ebucoreplus,+ http://www.ebu.ch/metadata/ontologies/ebucoreplus#EditorialWork (M-slot accumulated),http://ddb.vocnet.org/medientyp/mt005,http://ddb.vocnet.org/sparte/sparte001
Video,Archive,http://www.deutsche-digitale-bibliothek.de/item/FOQJTKFDIND73GID7XDKUGPFZ75FLKOB,Interview,exact,https://ise-fizkarlsruhe.github.io/ddbkg/mocho#Manifestation,ebucoreplus,+ http://www.ebu.ch/metadata/ontologies/ebucoreplus#EditorialWork (M-slot accumulated),http://ddb.vocnet.org/medientyp/mt005,http://ddb.vocnet.org/sparte/sparte001
Video,Archive,http://www.deutsche-digitale-bibliothek.de/item/GCUBBSNWTFRUAPVBTVX6UR7C5KNI6GJS,Interview,exact,https://ise-fizkarlsruhe.github.io/ddbkg/mocho#Manifestation,ebucoreplus,+ http://www.ebu.ch/metadata/ontologies/ebucoreplus#EditorialWork (M-slot accumulated),http://ddb.vocnet.org/medientyp/mt005,http://ddb.vocnet.org/sparte/sparte001
Video,Library,http://www.deutsche-digitale-bibliothek.de/item/ADLLCHZRFMLYT6DXEEAP2DZKLNARLTZ2,zweidimensionales bewegtes Bild,exact,https://ise-fizkarlsruhe.github.io/ddbkg/mocho#Manifestation,ebucoreplus,+ http://www.ebu.ch/metadata/ontologies/ebucoreplus#MediaResource (M-slot accumulated),http://ddb.vocnet.org/medientyp/mt005,http://ddb.vocnet.org/sparte/sparte002
Video,Library,http://www.deutsche-digitale-bibliothek.de/item/ATGZ5J3TBQTSD6JZA43YD3IY4F3CZ6US,zweidimensionales bewegtes Bild,exact,https://ise-fizkarlsruhe.github.io/ddbkg/mocho#Manifestation,ebucoreplus,+ http://www.ebu.ch/metadata/ontologies/ebucoreplus#MediaResource (M-slot accumulated),http://ddb.vocnet.org/medientyp/mt005,http://ddb.vocnet.org/sparte/sparte002
Video,Library,http://www.deutsche-digitale-bibliothek.de/item/KZYOGI57PWU7BQIH36IRYV3HAXFY2CK7,zweidimensionales bewegtes Bild,exact,https://ise-fizkarlsruhe.github.io/ddbkg/mocho#Manifestation,ebucoreplus,+ http://www.ebu.ch/metadata/ontologies/ebucoreplus#MediaResource (M-slot accumulated),http://ddb.vocnet.org/medientyp/mt005,http://ddb.vocnet.org/sparte/sparte002
Video,Library,http://www.deutsche-digitale-bibliothek.de/item/LNN5CA7CSBAUFODVRODBTSDCJYCVIG6M,zweidimensionales bewegtes Bild,exact,https://ise-fizkarlsruhe.github.io/ddbkg/mocho#Manifestation,ebucoreplus,+ http://www.ebu.ch/metadata/ontologies/ebucoreplus#MediaResource (M-slot accumulated),http://ddb.vocnet.org/medientyp/mt005,http://ddb.vocnet.org/sparte/sparte002
Video,Library,http://www.deutsche-digitale-bibliothek.de/item/PLWM6AJVQ3U7I26YDWPB3POROPSVLMGS,zweidimensionales bewegtes Bild,exact,https://ise-fizkarlsruhe.github.io/ddbkg/mocho#Manifestation,ebucoreplus,+ http://www.ebu.ch/metadata/ontologies/ebucoreplus#MediaResource (M-slot accumulated),http://ddb.vocnet.org/medientyp/mt005,http://ddb.vocnet.org/sparte/sparte002
Video,Media Library,http://www.deutsche-digitale-bibliothek.de/item/2FNL5M5MXDIVOSHI4EYS7SYIA35YPNN7,Dokumentarfilm,exact,https://ise-fizkarlsruhe.github.io/ddbkg/mocho#Manifestation,ebucoreplus,+ http://www.ebu.ch/metadata/ontologies/ebucoreplus#EditorialWork (M-slot accumulated),http://ddb.vocnet.org/medientyp/mt005,http://ddb.vocnet.org/sparte/sparte005
Video,Media Library,http://www.deutsche-digitale-bibliothek.de/item/2XVUCUIXQZV4QZUPRTQ7KBM25ODV466M,Dokumentarfilm,exact,https://ise-fizkarlsruhe.github.io/ddbkg/mocho#Manifestation,ebucoreplus,+ http://www.ebu.ch/metadata/ontologies/ebucoreplus#EditorialWork (M-slot accumulated),http://ddb.vocnet.org/medientyp/mt005,http://ddb.vocnet.org/sparte/sparte005
Video,Media Library,http://www.deutsche-digitale-bibliothek.de/item/2T3D5RSUJNYOBTFMPWKZP6KHS75LWKCK,Trailer,exact,https://ise-fizkarlsruhe.github.io/ddbkg/mocho#Manifestation,ebucoreplus,+ http://www.ebu.ch/metadata/ontologies/ebucoreplus#EditorialWork (M-slot accumulated),http://ddb.vocnet.org/medientyp/mt005,http://ddb.vocnet.org/sparte/sparte005
Video,Media Library,http://www.deutsche-digitale-bibliothek.de/item/3AFZUHNR3IRKKWU6MKI4ZXWIT4UJTNDT,Trailer,exact,https://ise-fizkarlsruhe.github.io/ddbkg/mocho#Manifestation,ebucoreplus,+ http://www.ebu.ch/metadata/ontologies/ebucoreplus#EditorialWork (M-slot accumulated),http://ddb.vocnet.org/medientyp/mt005,http://ddb.vocnet.org/sparte/sparte005
Video,Media Library,http://www.deutsche-digitale-bibliothek.de/item/3RTM6R6ERFXD4Z5VG3RBI6F6ZVFWJLAE,Trailer,exact,https://ise-fizkarlsruhe.github.io/ddbkg/mocho#Manifestation,ebucoreplus,+ http://www.ebu.ch/metadata/ontologies/ebucoreplus#EditorialWork (M-slot accumulated),http://ddb.vocnet.org/medientyp/mt005,http://ddb.vocnet.org/sparte/sparte005
Video,Museum,http://www.deutsche-digitale-bibliothek.de/item/AFMKOSREAGJUFVCC5FECFOBS77LM24DH,Inszenierung,exact,https://ise-fizkarlsruhe.github.io/ddbkg/mocho#Manifestation,ebucoreplus,+ http://www.ebu.ch/metadata/ontologies/ebucoreplus#EditorialWork (M-slot accumulated),http://ddb.vocnet.org/medientyp/mt005,http://ddb.vocnet.org/sparte/sparte006
Video,Museum,http://www.deutsche-digitale-bibliothek.de/item/BTWFSEO3PM47IQFRMV24JO55TR4PBLFJ,Inszenierung,exact,https://ise-fizkarlsruhe.github.io/ddbkg/mocho#Manifestation,ebucoreplus,+ http://www.ebu.ch/metadata/ontologies/ebucoreplus#EditorialWork (M-slot accumulated),http://ddb.vocnet.org/medientyp/mt005,http://ddb.vocnet.org/sparte/sparte006
Video,Museum,http://www.deutsche-digitale-bibliothek.de/item/BVYXQPRC6ENGMIXABUDEGOWMGXKM4HK3,Inszenierung,exact,https://ise-fizkarlsruhe.github.io/ddbkg/mocho#Manifestation,ebucoreplus,+ http://www.ebu.ch/metadata/ontologies/ebucoreplus#EditorialWork (M-slot accumulated),http://ddb.vocnet.org/medientyp/mt005,http://ddb.vocnet.org/sparte/sparte006
Video,Museum,http://www.deutsche-digitale-bibliothek.de/item/4WOHBRASH2L2PJ5GV53J75GG2VF4P4QH,Videofilm,exact,https://ise-fizkarlsruhe.github.io/ddbkg/mocho#Manifestation,ebucoreplus,+ http://www.ebu.ch/metadata/ontologies/ebucoreplus#EditorialWork (M-slot accumulated),http://ddb.vocnet.org/medientyp/mt005,http://ddb.vocnet.org/sparte/sparte006
Video,Museum,http://www.deutsche-digitale-bibliothek.de/item/CA7I6LW3GBG6PPUWMQKI6LEMOI6PLFJP,Videofilm,exact,https://ise-fizkarlsruhe.github.io/ddbkg/mocho#Manifestation,ebucoreplus,+ http://www.ebu.ch/metadata/ontologies/ebucoreplus#EditorialWork (M-slot accumulated),http://ddb.vocnet.org/medientyp/mt005,http://ddb.vocnet.org/sparte/sparte006
any,Library,http://www.deutsche-digitale-bibliothek.de/item/42XLCQFQ2EVNZNFHWOSAV4FPQTZJJTZ4,Artikel,any-sector,https://ise-fizkarlsruhe.github.io/ddbkg/mocho#Manifestation,fabio,D9 fallback,any,http://ddb.vocnet.org/sparte/sparte002
any,Library,http://www.deutsche-digitale-bibliothek.de/item/56J6FTK2LBQYUTWWRVUCBNYHW63O2JJQ,Artikel,any-sector,https://ise-fizkarlsruhe.github.io/ddbkg/mocho#Manifestation,fabio,D9 fallback,any,http://ddb.vocnet.org/sparte/sparte002
any,Library,http://www.deutsche-digitale-bibliothek.de/item/HK556NPUHG5YHQP7B63WZF5YSP4YKX6H,Artikel,any-sector,https://ise-fizkarlsruhe.github.io/ddbkg/mocho#Manifestation,fabio,D9 fallback,any,http://ddb.vocnet.org/sparte/sparte002
any,Library,http://www.deutsche-digitale-bibliothek.de/item/7NQC37EMLKVFVUNGWIWBXHOO6AMHF63B,Buch,any-sector,https://ise-fizkarlsruhe.github.io/ddbkg/mocho#Manifestation,fabio,D9 fallback,any,http://ddb.vocnet.org/sparte/sparte002
any,Library,http://www.deutsche-digitale-bibliothek.de/item/BSTFR3UEXVQO6JOOKCMR3EZ5YWEHWADT,Buchbeitrag,any-sector,https://ise-fizkarlsruhe.github.io/ddbkg/mocho#Manifestation,fabio,D9 fallback,any,http://ddb.vocnet.org/sparte/sparte002
