edm_class,target_class,wemi,edm_prop,target_prop
edm:ProvidedCHO,rdac:C10007,M,dc:title,rdam:P30134
edm:ProvidedCHO,mocho:Manifestation,M,dc:title,rdam:P30134
edm:ProvidedCHO,aco:AudioManifestation,M,dc:title,dc:title
edm:ProvidedCHO,mocho:ImageManifestation,M,dc:title,dc:title
edm:ProvidedCHO,ec:MediaResource,M,dc:title,dc:title
edm:ProvidedCHO,mo:MusicalManifestation,M,dc:title,dc:title
edm:ProvidedCHO,vra:Image,M,dc:title,vra:title
edm:ProvidedCHO,doco:Section,M,dc:title,dc:title
edm:ProvidedCHO,doco:Appendix,M,dc:title,dc:title
edm:ProvidedCHO,doco:Part,M,dc:title,dc:title
edm:ProvidedCHO,doco:Chapter,M,dc:title,dc:title
edm:ProvidedCHO,doco:Figure,M,dc:title,dc:title
edm:ProvidedCHO,doco:Index,M,dc:title,dc:title
edm:ProvidedCHO,doco:TableOfContents,M,dc:title,dc:title
edm:ProvidedCHO,doco:TextChunk,M,dc:title,dc:title
edm:ProvidedCHO,doco:Stanza,M,dc:title,dc:title
edm:ProvidedCHO,doco:Preface,M,dc:title,dc:title
edm:ProvidedCHO,rdac:C10001,W,dc:title,rdaw:P10088
edm:ProvidedCHO,mocho:ImmovableWork,W,dc:title,rdaw:P10088
edm:ProvidedCHO,mocho:ImageWork,W,dc:title,rdaw:P10088
edm:ProvidedCHO,vra:Work,W,dc:title,vra:title
edm:ProvidedCHO,mo:MusicalWork,W,dc:title,dc:title
edm:ProvidedCHO,ec:EditorialWork,W,dc:title,dc:title
edm:ProvidedCHO,rico:RecordSet,,dc:title,rico:hasOrHadTitle
edm:ProvidedCHO,rico:Record,,dc:title,rico:hasOrHadTitle
edm:ProvidedCHO,rico:RecordPart,,dc:title,rico:hasOrHadTitle
edm:ProvidedCHO,rdac:C10007,M,dc:creator,rdam:P30329
edm:ProvidedCHO,mocho:Manifestation,M,dc:creator,dcterms:creator
edm:ProvidedCHO,aco:AudioManifestation,M,dc:creator,dcterms:creator
edm:ProvidedCHO,mocho:ImageManifestation,M,dc:creator,dcterms:creator
edm:ProvidedCHO,ec:MediaResource,M,dc:creator,dcterms:creator
edm:ProvidedCHO,mo:MusicalManifestation,M,dc:creator,dcterms:creator
edm:ProvidedCHO,vra:Image,M,dc:creator,dcterms:creator
edm:ProvidedCHO,doco:Section,M,dc:creator,dcterms:creator
edm:ProvidedCHO,doco:Appendix,M,dc:creator,dcterms:creator
edm:ProvidedCHO,doco:Part,M,dc:creator,dcterms:creator
edm:ProvidedCHO,doco:Chapter,M,dc:creator,dcterms:creator
edm:ProvidedCHO,doco:Figure,M,dc:creator,dcterms:creator
edm:ProvidedCHO,doco:Index,M,dc:creator,dcterms:creator
edm:ProvidedCHO,doco:TableOfContents,M,dc:creator,dcterms:creator
edm:ProvidedCHO,doco:TextChunk,M,dc:creator,dcterms:creator
edm:ProvidedCHO,doco:Stanza,M,dc:creator,dcterms:creator
edm:ProvidedCHO,doco:Preface,M,dc:creator,dcterms:creator
edm:ProvidedCHO,rdac:C10001,W,dc:creator,rdaw:P10065
edm:ProvidedCHO,mocho:ImmovableWork,W,dc:creator,dcterms:creator
edm:ProvidedCHO,mocho:ImageWork,W,dc:creator,dcterms:creator
edm:ProvidedCHO,vra:Work,W,dc:creator,dcterms:creator
edm:ProvidedCHO,mo:MusicalWork,W,dc:creator,dcterms:creator
edm:ProvidedCHO,ec:EditorialWork,W,dc:creator,dcterms:creator
edm:ProvidedCHO,rico:RecordSet,,dc:creator,rico:hasCreator
edm:ProvidedCHO,rico:Record,,dc:creator,rico:hasCreator
edm:ProvidedCHO,rico:RecordPart,,dc:creator,rico:hasCreator
edm:ProvidedCHO,rdac:C10007,M,dcterms:alternative,rdam:P30128
edm:ProvidedCHO,mocho:Manifestation,M,dcterms:alternative,rdam:P30128
edm:ProvidedCHO,aco:AudioManifestation,M,dcterms:alternative,dcterms:alternative
edm:ProvidedCHO,mocho:ImageManifestation,M,dcterms:alternative,dcterms:alternative
edm:ProvidedCHO,ec:MediaResource,M,dcterms:alternative,dcterms:alternative
edm:ProvidedCHO,mo:MusicalManifestation,M,dcterms:alternative,dcterms:alternative
edm:ProvidedCHO,vra:Image,M,dcterms:alternative,dcterms:alternative
edm:ProvidedCHO,doco:Section,M,dcterms:alternative,dcterms:alternative
edm:ProvidedCHO,doco:Appendix,M,dcterms:alternative,dcterms:alternative
edm:ProvidedCHO,doco:Part,M,dcterms:alternative,dcterms:alternative
edm:ProvidedCHO,doco:Chapter,M,dcterms:alternative,dcterms:alternative
edm:ProvidedCHO,doco:Figure,M,dcterms:alternative,dcterms:alternative
edm:ProvidedCHO,doco:Index,M,dcterms:alternative,dcterms:alternative
edm:ProvidedCHO,doco:TableOfContents,M,dcterms:alternative,dcterms:alternative
edm:ProvidedCHO,doco:TextChunk,M,dcterms:alternative,dcterms:alternative
edm:ProvidedCHO,doco:Stanza,M,dcterms:alternative,dcterms:alternative
edm:ProvidedCHO,doco:Preface,M,dcterms:alternative,dcterms:alternative
edm:ProvidedCHO,rdac:C10001,W,dcterms:alternative,rdaw:P10086
edm:ProvidedCHO,mocho:ImmovableWork,W,dcterms:alternative,dcterms:alternative
edm:ProvidedCHO,mocho:ImageWork,W,dcterms:alternative,dcterms:alternative
edm:ProvidedCHO,vra:Work,W,dcterms:alternative,dcterms:alternative
edm:ProvidedCHO,mo:MusicalWork,W,dcterms:alternative,dcterms:alternative
edm:ProvidedCHO,ec:EditorialWork,W,dcterms:alternative,dcterms:alternative
edm:ProvidedCHO,rico:RecordSet,,dcterms:alternative,dcterms:alternative
edm:ProvidedCHO,rico:Record,,dcterms:alternative,dcterms:alternative
edm:ProvidedCHO,rico:RecordPart,,dcterms:alternative,dcterms:alternative
edm:ProvidedCHO,rdac:C10007,M,dc:date,rdam:P30278
edm:ProvidedCHO,mocho:Manifestation,M,dc:date,rdam:P30278
edm:ProvidedCHO,aco:AudioManifestation,M,dc:date,dc:date
edm:ProvidedCHO,mocho:ImageManifestation,M,dc:date,dc:date
edm:ProvidedCHO,ec:MediaResource,M,dc:date,dc:date
edm:ProvidedCHO,mo:MusicalManifestation,M,dc:date,dc:date
edm:ProvidedCHO,vra:Image,M,dc:date,vra:dateCreated
edm:ProvidedCHO,doco:Section,M,dc:date,dc:date
edm:ProvidedCHO,doco:Appendix,M,dc:date,dc:date
edm:ProvidedCHO,doco:Part,M,dc:date,dc:date
edm:ProvidedCHO,doco:Chapter,M,dc:date,dc:date
edm:ProvidedCHO,doco:Figure,M,dc:date,dc:date
edm:ProvidedCHO,doco:Index,M,dc:date,dc:date
edm:ProvidedCHO,doco:TableOfContents,M,dc:date,dc:date
edm:ProvidedCHO,doco:TextChunk,M,dc:date,dc:date
edm:ProvidedCHO,doco:Stanza,M,dc:date,dc:date
edm:ProvidedCHO,doco:Preface,M,dc:date,dc:date
edm:ProvidedCHO,rdac:C10001,W,dc:date,rdaw:P10219
edm:ProvidedCHO,mocho:ImmovableWork,W,dc:date,dc:date
edm:ProvidedCHO,mocho:ImageWork,W,dc:date,dc:date
edm:ProvidedCHO,vra:Work,W,dc:date,vra:dateCreated
edm:ProvidedCHO,mo:MusicalWork,W,dc:date,dc:date
edm:ProvidedCHO,ec:EditorialWork,W,dc:date,dc:date
edm:ProvidedCHO,rico:RecordSet,,dc:date,rico:creationDate
edm:ProvidedCHO,rico:Record,,dc:date,rico:creationDate
edm:ProvidedCHO,rico:RecordPart,,dc:date,rico:creationDate
edm:ProvidedCHO,rdac:C10007,M,dc:issued,rdam:P30011
edm:ProvidedCHO,mocho:Manifestation,M,dc:issued,rdam:P30011
edm:ProvidedCHO,aco:AudioManifestation,M,dc:issued,dc:issued
edm:ProvidedCHO,mocho:ImageManifestation,M,dc:issued,dc:issued
edm:ProvidedCHO,ec:MediaResource,M,dc:issued,dc:issued
edm:ProvidedCHO,mo:MusicalManifestation,M,dc:issued,dc:issued
edm:ProvidedCHO,vra:Image,M,dc:issued,dc:issued
edm:ProvidedCHO,doco:Section,M,dc:issued,dc:issued
edm:ProvidedCHO,doco:Appendix,M,dc:issued,dc:issued
edm:ProvidedCHO,doco:Part,M,dc:issued,dc:issued
edm:ProvidedCHO,doco:Chapter,M,dc:issued,dc:issued
edm:ProvidedCHO,doco:Figure,M,dc:issued,dc:issued
edm:ProvidedCHO,doco:Index,M,dc:issued,dc:issued
edm:ProvidedCHO,doco:TableOfContents,M,dc:issued,dc:issued
edm:ProvidedCHO,doco:TextChunk,M,dc:issued,dc:issued
edm:ProvidedCHO,doco:Stanza,M,dc:issued,dc:issued
edm:ProvidedCHO,doco:Preface,M,dc:issued,dc:issued
edm:ProvidedCHO,rdac:C10001,W,dc:issued,N/A
edm:ProvidedCHO,mocho:ImmovableWork,W,dc:issued,dc:issued
edm:ProvidedCHO,mocho:ImageWork,W,dc:issued,dc:issued
edm:ProvidedCHO,vra:Work,W,dc:issued,N/A
edm:ProvidedCHO,mo:MusicalWork,W,dc:issued,dc:issued
edm:ProvidedCHO,ec:EditorialWork,W,dc:issued,dc:issued
edm:ProvidedCHO,rico:RecordSet,,dc:issued,rico:publicationDate
edm:ProvidedCHO,rico:Record,,dc:issued,rico:publicationDate
edm:ProvidedCHO,rico:RecordPart,,dc:issued,rico:publicationDate
edm:ProvidedCHO,rdac:C10007,M,dc:description,rdam:P30137
edm:ProvidedCHO,mocho:Manifestation,M,dc:description,rdam:P30137
edm:ProvidedCHO,aco:AudioManifestation,M,dc:description,dc:description
edm:ProvidedCHO,mocho:ImageManifestation,M,dc:description,dc:description
edm:ProvidedCHO,ec:MediaResource,M,dc:description,dc:description
edm:ProvidedCHO,mo:MusicalManifestation,M,dc:description,dc:description
edm:ProvidedCHO,vra:Image,M,dc:description,vra:description
edm:ProvidedCHO,doco:Section,M,dc:description,dc:description
edm:ProvidedCHO,doco:Appendix,M,dc:description,dc:description
edm:ProvidedCHO,doco:Part,M,dc:description,dc:description
edm:ProvidedCHO,doco:Chapter,M,dc:description,dc:description
edm:ProvidedCHO,doco:Figure,M,dc:description,dc:description
edm:ProvidedCHO,doco:Index,M,dc:description,dc:description
edm:ProvidedCHO,doco:TableOfContents,M,dc:description,dc:description
edm:ProvidedCHO,doco:TextChunk,M,dc:description,dc:description
edm:ProvidedCHO,doco:Stanza,M,dc:description,dc:description
edm:ProvidedCHO,doco:Preface,M,dc:description,dc:description
edm:ProvidedCHO,rdac:C10001,W,dc:description,rdaw:P10330
edm:ProvidedCHO,mocho:ImmovableWork,W,dc:description,dc:description
edm:ProvidedCHO,mocho:ImageWork,W,dc:description,dc:description
edm:ProvidedCHO,vra:Work,W,dc:description,vra:description
edm:ProvidedCHO,mo:MusicalWork,W,dc:description,dc:description
edm:ProvidedCHO,ec:EditorialWork,W,dc:description,dc:description
edm:ProvidedCHO,rico:RecordSet,,dc:description,rico:note
edm:ProvidedCHO,rico:Record,,dc:description,rico:note
edm:ProvidedCHO,rico:RecordPart,,dc:description,rico:note
edm:ProvidedCHO,rdac:C10007,M,dc:subject,N/A
edm:ProvidedCHO,mocho:Manifestation,M,dc:subject,N/A
edm:ProvidedCHO,aco:AudioManifestation,M,dc:subject,N/A
edm:ProvidedCHO,mocho:ImageManifestation,M,dc:subject,N/A
edm:ProvidedCHO,ec:MediaResource,M,dc:subject,N/A
edm:ProvidedCHO,mo:MusicalManifestation,M,dc:subject,N/A
edm:ProvidedCHO,vra:Image,M,dc:subject,N/A
edm:ProvidedCHO,doco:Section,M,dc:subject,N/A
edm:ProvidedCHO,doco:Appendix,M,dc:subject,N/A
edm:ProvidedCHO,doco:Part,M,dc:subject,N/A
edm:ProvidedCHO,doco:Chapter,M,dc:subject,N/A
edm:ProvidedCHO,doco:Figure,M,dc:subject,N/A
edm:ProvidedCHO,doco:Index,M,dc:subject,N/A
edm:ProvidedCHO,doco:TableOfContents,M,dc:subject,N/A
edm:ProvidedCHO,doco:TextChunk,M,dc:subject,N/A
edm:ProvidedCHO,doco:Stanza,M,dc:subject,N/A
edm:ProvidedCHO,doco:Preface,M,dc:subject,N/A
edm:ProvidedCHO,rdac:C10001,W,dc:subject,dc:subject
edm:ProvidedCHO,mocho:ImmovableWork,W,dc:subject,dc:subject
edm:ProvidedCHO,mocho:ImageWork,W,dc:subject,dc:subject
edm:ProvidedCHO,vra:Work,W,dc:subject,vra:depicts
edm:ProvidedCHO,mo:MusicalWork,W,dc:subject,dc:subject
edm:ProvidedCHO,ec:EditorialWork,W,dc:subject,dc:subject
edm:ProvidedCHO,rico:RecordSet,,dc:subject,rico:hasOrHadSubject
edm:ProvidedCHO,rico:Record,,dc:subject,rico:hasOrHadSubject
edm:ProvidedCHO,rico:RecordPart,,dc:subject,rico:hasOrHadSubject
edm:ProvidedCHO,rdac:C10007,M,dcterms:subject,N/A
edm:ProvidedCHO,mocho:Manifestation,M,dcterms:subject,N/A
edm:ProvidedCHO,aco:AudioManifestation,M,dcterms:subject,N/A
edm:ProvidedCHO,mocho:ImageManifestation,M,dcterms:subject,N/A
edm:ProvidedCHO,ec:MediaResource,M,dcterms:subject,N/A
edm:ProvidedCHO,mo:MusicalManifestation,M,dcterms:subject,N/A
edm:ProvidedCHO,vra:Image,M,dcterms:subject,N/A
edm:ProvidedCHO,doco:Section,M,dcterms:subject,N/A
edm:ProvidedCHO,doco:Appendix,M,dcterms:subject,N/A
edm:ProvidedCHO,doco:Part,M,dcterms:subject,N/A
edm:ProvidedCHO,doco:Chapter,M,dcterms:subject,N/A
edm:ProvidedCHO,doco:Figure,M,dcterms:subject,N/A
edm:ProvidedCHO,doco:Index,M,dcterms:subject,N/A
edm:ProvidedCHO,doco:TableOfContents,M,dcterms:subject,N/A
edm:ProvidedCHO,doco:TextChunk,M,dcterms:subject,N/A
edm:ProvidedCHO,doco:Stanza,M,dcterms:subject,N/A
edm:ProvidedCHO,doco:Preface,M,dcterms:subject,N/A
edm:ProvidedCHO,rdac:C10001,W,dcterms:subject,rdaw:P10256
edm:ProvidedCHO,mocho:ImmovableWork,W,dcterms:subject,rdaw:P10256
edm:ProvidedCHO,mocho:ImageWork,W,dcterms:subject,rdaw:P10256
edm:ProvidedCHO,vra:Work,W,dcterms:subject,vra:depicts
edm:ProvidedCHO,mo:MusicalWork,W,dcterms:subject,dcterms:subject
edm:ProvidedCHO,ec:EditorialWork,W,dcterms:subject,dcterms:subject
edm:ProvidedCHO,rico:RecordSet,,dcterms:subject,rico:hasOrHadSubject
edm:ProvidedCHO,rico:Record,,dcterms:subject,rico:hasOrHadSubject
edm:ProvidedCHO,rico:RecordPart,,dcterms:subject,rico:hasOrHadSubject
edm:ProvidedCHO,rdac:C10007,M,dcterms:isPartOf,rdam:P30020
edm:ProvidedCHO,mocho:Manifestation,M,dcterms:isPartOf,rdam:P30020
edm:ProvidedCHO,aco:AudioManifestation,M,dcterms:isPartOf,dcterms:isPartOf
edm:ProvidedCHO,mocho:ImageManifestation,M,dcterms:isPartOf,dcterms:isPartOf
edm:ProvidedCHO,ec:MediaResource,M,dcterms:isPartOf,dcterms:isPartOf
edm:ProvidedCHO,mo:MusicalManifestation,M,dcterms:isPartOf,dcterms:isPartOf
edm:ProvidedCHO,vra:Image,M,dcterms:isPartOf,vra:partOf
edm:ProvidedCHO,doco:Section,M,dcterms:isPartOf,dcterms:isPartOf
edm:ProvidedCHO,doco:Appendix,M,dcterms:isPartOf,dcterms:isPartOf
edm:ProvidedCHO,doco:Part,M,dcterms:isPartOf,dcterms:isPartOf
edm:ProvidedCHO,doco:Chapter,M,dcterms:isPartOf,dcterms:isPartOf
edm:ProvidedCHO,doco:Figure,M,dcterms:isPartOf,dcterms:isPartOf
edm:ProvidedCHO,doco:Index,M,dcterms:isPartOf,dcterms:isPartOf
edm:ProvidedCHO,doco:TableOfContents,M,dcterms:isPartOf,dcterms:isPartOf
edm:ProvidedCHO,doco:TextChunk,M,dcterms:isPartOf,dcterms:isPartOf
edm:ProvidedCHO,doco:Stanza,M,dcterms:isPartOf,dcterms:isPartOf
edm:ProvidedCHO,doco:Preface,M,dcterms:isPartOf,dcterms:isPartOf
edm:ProvidedCHO,rdac:C10001,W,dcterms:isPartOf,rdaw:P10019
edm:ProvidedCHO,mocho:ImmovableWork,W,dcterms:isPartOf,dcterms:isPartOf
edm:ProvidedCHO,mocho:ImageWork,W,dcterms:isPartOf,dcterms:isPartOf
edm:ProvidedCHO,vra:Work,W,dcterms:isPartOf,vra:partOf
edm:ProvidedCHO,mo:MusicalWork,W,dcterms:isPartOf,dcterms:isPartOf
edm:ProvidedCHO,ec:EditorialWork,W,dcterms:isPartOf,dcterms:isPartOf
edm:ProvidedCHO,rico:RecordSet,,dcterms:isPartOf,dcterms:isPartOf
edm:ProvidedCHO,rico:Record,,dcterms:isPartOf,dcterms:isPartOf
edm:ProvidedCHO,rico:RecordPart,,dcterms:isPartOf,dcterms:isPartOf
edm:ProvidedCHO,rdac:C10007,M,dc:identifier,dc:identifier
edm:ProvidedCHO,mocho:Manifestation,M,dc:identifier,dc:identifier
edm:ProvidedCHO,aco:AudioManifestation,M,dc:identifier,dc:identifier
edm:ProvidedCHO,mocho:ImageManifestation,M,dc:identifier,dc:identifier
edm:ProvidedCHO,ec:MediaResource,M,dc:identifier,dc:identifier
edm:ProvidedCHO,mo:MusicalManifestation,M,dc:identifier,dc:identifier
edm:ProvidedCHO,vra:Image,M,dc:identifier,dc:identifier
edm:ProvidedCHO,doco:Section,M,dc:identifier,dc:identifier
edm:ProvidedCHO,doco:Appendix,M,dc:identifier,dc:identifier
edm:ProvidedCHO,doco:Part,M,dc:identifier,dc:identifier
edm:ProvidedCHO,doco:Chapter,M,dc:identifier,dc:identifier
edm:ProvidedCHO,doco:Figure,M,dc:identifier,dc:identifier
edm:ProvidedCHO,doco:Index,M,dc:identifier,dc:identifier
edm:ProvidedCHO,doco:TableOfContents,M,dc:identifier,dc:identifier
edm:ProvidedCHO,doco:TextChunk,M,dc:identifier,dc:identifier
edm:ProvidedCHO,doco:Stanza,M,dc:identifier,dc:identifier
edm:ProvidedCHO,doco:Preface,M,dc:identifier,dc:identifier
edm:ProvidedCHO,rdac:C10001,W,dc:identifier,dc:identifier
edm:ProvidedCHO,mocho:ImmovableWork,W,dc:identifier,dc:identifier
edm:ProvidedCHO,mocho:ImageWork,W,dc:identifier,dc:identifier
edm:ProvidedCHO,vra:Work,W,dc:identifier,dc:identifier
edm:ProvidedCHO,mo:MusicalWork,W,dc:identifier,dc:identifier
edm:ProvidedCHO,ec:EditorialWork,W,dc:identifier,dc:identifier
edm:ProvidedCHO,rico:RecordSet,,dc:identifier,rico:hasOrHadIdentifier
edm:ProvidedCHO,rico:Record,,dc:identifier,rico:hasOrHadIdentifier
edm:ProvidedCHO,rico:RecordPart,,dc:identifier,rico:hasOrHadIdentifier
edm:ProvidedCHO,rdac:C10007,M,dc:language,dc:language
edm:ProvidedCHO,mocho:Manifestation,M,dc:language,dc:language
edm:ProvidedCHO,aco:AudioManifestation,M,dc:language,dc:language
edm:ProvidedCHO,mocho:ImageManifestation,M,dc:language,dc:language
edm:ProvidedCHO,ec:MediaResource,M,dc:language,dc:language
edm:ProvidedCHO,mo:MusicalManifestation,M,dc:language,dc:language
edm:ProvidedCHO,vra:Image,M,dc:language,dc:language
edm:ProvidedCHO,doco:Section,M,dc:language,dc:language
edm:ProvidedCHO,doco:Appendix,M,dc:language,dc:language
edm:ProvidedCHO,doco:Part,M,dc:language,dc:language
edm:ProvidedCHO,doco:Chapter,M,dc:language,dc:language
edm:ProvidedCHO,doco:Figure,M,dc:language,dc:language
edm:ProvidedCHO,doco:Index,M,dc:language,dc:language
edm:ProvidedCHO,doco:TableOfContents,M,dc:language,dc:language
edm:ProvidedCHO,doco:TextChunk,M,dc:language,dc:language
edm:ProvidedCHO,doco:Stanza,M,dc:language,dc:language
edm:ProvidedCHO,doco:Preface,M,dc:language,dc:language
edm:ProvidedCHO,rdac:C10001,W,dc:language,dc:language
edm:ProvidedCHO,mocho:ImmovableWork,W,dc:language,dc:language
edm:ProvidedCHO,mocho:ImageWork,W,dc:language,dc:language
edm:ProvidedCHO,vra:Work,W,dc:language,dc:language
edm:ProvidedCHO,mo:MusicalWork,W,dc:language,dc:language
edm:ProvidedCHO,ec:EditorialWork,W,dc:language,dc:language
edm:ProvidedCHO,rico:RecordSet,,dc:language,dc:language
edm:ProvidedCHO,rico:Record,,dc:language,dc:language
edm:ProvidedCHO,rico:RecordPart,,dc:language,dc:language
edm:ProvidedCHO,rdac:C10007,M,dcterms:language,dcterms:language
edm:ProvidedCHO,mocho:Manifestation,M,dcterms:language,dcterms:language
edm:ProvidedCHO,aco:AudioManifestation,M,dcterms:language,dcterms:language
edm:ProvidedCHO,mocho:ImageManifestation,M,dcterms:language,dcterms:language
edm:ProvidedCHO,ec:MediaResource,M,dcterms:language,dcterms:language
edm:ProvidedCHO,mo:MusicalManifestation,M,dcterms:language,dcterms:language
edm:ProvidedCHO,vra:Image,M,dcterms:language,dcterms:language
edm:ProvidedCHO,doco:Section,M,dcterms:language,dcterms:language
edm:ProvidedCHO,doco:Appendix,M,dcterms:language,dcterms:language
edm:ProvidedCHO,doco:Part,M,dcterms:language,dcterms:language
edm:ProvidedCHO,doco:Chapter,M,dcterms:language,dcterms:language
edm:ProvidedCHO,doco:Figure,M,dcterms:language,dcterms:language
edm:ProvidedCHO,doco:Index,M,dcterms:language,dcterms:language
edm:ProvidedCHO,doco:TableOfContents,M,dcterms:language,dcterms:language
edm:ProvidedCHO,doco:TextChunk,M,dcterms:language,dcterms:language
edm:ProvidedCHO,doco:Stanza,M,dcterms:language,dcterms:language
edm:ProvidedCHO,doco:Preface,M,dcterms:language,dcterms:language
edm:ProvidedCHO,rdac:C10001,W,dcterms:language,dcterms:language
edm:ProvidedCHO,mocho:ImmovableWork,W,dcterms:language,dcterms:language
edm:ProvidedCHO,mocho:ImageWork,W,dcterms:language,dcterms:language
edm:ProvidedCHO,vra:Work,W,dcterms:language,dcterms:language
edm:ProvidedCHO,mo:MusicalWork,W,dcterms:language,dcterms:language
edm:ProvidedCHO,ec:EditorialWork,W,dcterms:language,dcterms:language
edm:ProvidedCHO,rico:RecordSet,,dcterms:language,rico:hasOrHadLanguage
edm:ProvidedCHO,rico:Record,,dcterms:language,rico:hasOrHadLanguage
edm:ProvidedCHO,rico:RecordPart,,dcterms:language,rico:hasOrHadLanguage
edm:ProvidedCHO,rdac:C10007,M,dc:type,rdam:P30335
edm:ProvidedCHO,mocho:Manifestation,M,dc:type,rdam:P30335
edm:ProvidedCHO,aco:AudioManifestation,M,dc:type,dcterms:type
edm:ProvidedCHO,mocho:ImageManifestation,M,dc:type,dcterms:type
edm:ProvidedCHO,ec:MediaResource,M,dc:type,dcterms:type
edm:ProvidedCHO,mo:MusicalManifestation,M,dc:type,dcterms:type
edm:ProvidedCHO,vra:Image,M,dc:type,vra:worktype
edm:ProvidedCHO,doco:Section,M,dc:type,dcterms:type
edm:ProvidedCHO,doco:Appendix,M,dc:type,dcterms:type
edm:ProvidedCHO,doco:Part,M,dc:type,dcterms:type
edm:ProvidedCHO,doco:Chapter,M,dc:type,dcterms:type
edm:ProvidedCHO,doco:Figure,M,dc:type,dcterms:type
edm:ProvidedCHO,doco:Index,M,dc:type,dcterms:type
edm:ProvidedCHO,doco:TableOfContents,M,dc:type,dcterms:type
edm:ProvidedCHO,doco:TextChunk,M,dc:type,dcterms:type
edm:ProvidedCHO,doco:Stanza,M,dc:type,dcterms:type
edm:ProvidedCHO,doco:Preface,M,dc:type,dcterms:type
edm:ProvidedCHO,rdac:C10001,W,dc:type,rdaw:P10004
edm:ProvidedCHO,mocho:ImmovableWork,W,dc:type,dcterms:type
edm:ProvidedCHO,mocho:ImageWork,W,dc:type,dcterms:type
edm:ProvidedCHO,vra:Work,W,dc:type,vra:worktype
edm:ProvidedCHO,mo:MusicalWork,W,dc:type,dcterms:type
edm:ProvidedCHO,ec:EditorialWork,W,dc:type,dcterms:type
edm:ProvidedCHO,rico:RecordSet,,dc:type,rico:hasOrHadType
edm:ProvidedCHO,rico:Record,,dc:type,rico:hasOrHadType
edm:ProvidedCHO,rico:RecordPart,,dc:type,rico:hasOrHadType
edm:ProvidedCHO,rdac:C10007,M,dc:format,dc:format
edm:ProvidedCHO,mocho:Manifestation,M,dc:format,dc:format
edm:ProvidedCHO,aco:AudioManifestation,M,dc:format,dc:format
edm:ProvidedCHO,mocho:ImageManifestation,M,dc:format,dc:format
edm:ProvidedCHO,ec:MediaResource,M,dc:format,dc:format
edm:ProvidedCHO,mo:MusicalManifestation,M,dc:format,dc:format
edm:ProvidedCHO,vra:Image,M,dc:format,dc:format
edm:ProvidedCHO,doco:Section,M,dc:format,dc:format
edm:ProvidedCHO,doco:Appendix,M,dc:format,dc:format
edm:ProvidedCHO,doco:Part,M,dc:format,dc:format
edm:ProvidedCHO,doco:Chapter,M,dc:format,dc:format
edm:ProvidedCHO,doco:Figure,M,dc:format,dc:format
edm:ProvidedCHO,doco:Index,M,dc:format,dc:format
edm:ProvidedCHO,doco:TableOfContents,M,dc:format,dc:format
edm:ProvidedCHO,doco:TextChunk,M,dc:format,dc:format
edm:ProvidedCHO,doco:Stanza,M,dc:format,dc:format
edm:ProvidedCHO,doco:Preface,M,dc:format,dc:format
edm:ProvidedCHO,rdac:C10001,W,dc:format,dc:format
edm:ProvidedCHO,mocho:ImmovableWork,W,dc:format,dc:format
edm:ProvidedCHO,mocho:ImageWork,W,dc:format,dc:format
edm:ProvidedCHO,vra:Work,W,dc:format,dc:format
edm:ProvidedCHO,mo:MusicalWork,W,dc:format,dc:format
edm:ProvidedCHO,ec:EditorialWork,W,dc:format,dc:format
edm:ProvidedCHO,rico:RecordSet,,dc:format,dc:format
edm:ProvidedCHO,rico:Record,,dc:format,dc:format
edm:ProvidedCHO,rico:RecordPart,,dc:format,dc:format
edm:ProvidedCHO,rdac:C10007,M,dc:spatial,dc:spatial
edm:ProvidedCHO,mocho:Manifestation,M,dc:spatial,dc:spatial
edm:ProvidedCHO,aco:AudioManifestation,M,dc:spatial,dc:spatial
edm:ProvidedCHO,mocho:ImageManifestation,M,dc:spatial,dc:spatial
edm:ProvidedCHO,ec:MediaResource,M,dc:spatial,dc:spatial
edm:ProvidedCHO,mo:MusicalManifestation,M,dc:spatial,dc:spatial
edm:ProvidedCHO,vra:Image,M,dc:spatial,dc:spatial
edm:ProvidedCHO,doco:Section,M,dc:spatial,dc:spatial
edm:ProvidedCHO,doco:Appendix,M,dc:spatial,dc:spatial
edm:ProvidedCHO,doco:Part,M,dc:spatial,dc:spatial
edm:ProvidedCHO,doco:Chapter,M,dc:spatial,dc:spatial
edm:ProvidedCHO,doco:Figure,M,dc:spatial,dc:spatial
edm:ProvidedCHO,doco:Index,M,dc:spatial,dc:spatial
edm:ProvidedCHO,doco:TableOfContents,M,dc:spatial,dc:spatial
edm:ProvidedCHO,doco:TextChunk,M,dc:spatial,dc:spatial
edm:ProvidedCHO,doco:Stanza,M,dc:spatial,dc:spatial
edm:ProvidedCHO,doco:Preface,M,dc:spatial,dc:spatial
edm:ProvidedCHO,rdac:C10001,W,dc:spatial,dc:spatial
edm:ProvidedCHO,mocho:ImmovableWork,W,dc:spatial,dc:spatial
edm:ProvidedCHO,mocho:ImageWork,W,dc:spatial,dc:spatial
edm:ProvidedCHO,vra:Work,W,dc:spatial,dc:spatial
edm:ProvidedCHO,mo:MusicalWork,W,dc:spatial,dc:spatial
edm:ProvidedCHO,ec:EditorialWork,W,dc:spatial,dc:spatial
edm:ProvidedCHO,rico:RecordSet,,dc:spatial,dc:spatial
edm:ProvidedCHO,rico:Record,,dc:spatial,dc:spatial
edm:ProvidedCHO,rico:RecordPart,,dc:spatial,dc:spatial
edm:ProvidedCHO,rdac:C10007,M,edm:currentLocation,edm:currentLocation
edm:ProvidedCHO,mocho:Manifestation,M,edm:currentLocation,edm:currentLocation
edm:ProvidedCHO,aco:AudioManifestation,M,edm:currentLocation,edm:currentLocation
edm:ProvidedCHO,mocho:ImageManifestation,M,edm:currentLocation,edm:currentLocation
edm:ProvidedCHO,ec:MediaResource,M,edm:currentLocation,edm:currentLocation
edm:ProvidedCHO,mo:MusicalManifestation,M,edm:currentLocation,edm:currentLocation
edm:ProvidedCHO,vra:Image,M,edm:currentLocation,edm:currentLocation
edm:ProvidedCHO,doco:Section,M,edm:currentLocation,edm:currentLocation
edm:ProvidedCHO,doco:Appendix,M,edm:currentLocation,edm:currentLocation
edm:ProvidedCHO,doco:Part,M,edm:currentLocation,edm:currentLocation
edm:ProvidedCHO,doco:Chapter,M,edm:currentLocation,edm:currentLocation
edm:ProvidedCHO,doco:Figure,M,edm:currentLocation,edm:currentLocation
edm:ProvidedCHO,doco:Index,M,edm:currentLocation,edm:currentLocation
edm:ProvidedCHO,doco:TableOfContents,M,edm:currentLocation,edm:currentLocation
edm:ProvidedCHO,doco:TextChunk,M,edm:currentLocation,edm:currentLocation
edm:ProvidedCHO,doco:Stanza,M,edm:currentLocation,edm:currentLocation
edm:ProvidedCHO,doco:Preface,M,edm:currentLocation,edm:currentLocation
edm:ProvidedCHO,rdac:C10001,W,edm:currentLocation,edm:currentLocation
edm:ProvidedCHO,mocho:ImmovableWork,W,edm:currentLocation,edm:currentLocation
edm:ProvidedCHO,mocho:ImageWork,W,edm:currentLocation,edm:currentLocation
edm:ProvidedCHO,vra:Work,W,edm:currentLocation,edm:currentLocation
edm:ProvidedCHO,mo:MusicalWork,W,edm:currentLocation,edm:currentLocation
edm:ProvidedCHO,ec:EditorialWork,W,edm:currentLocation,edm:currentLocation
edm:ProvidedCHO,rico:RecordSet,,edm:currentLocation,edm:currentLocation
edm:ProvidedCHO,rico:Record,,edm:currentLocation,edm:currentLocation
edm:ProvidedCHO,rico:RecordPart,,edm:currentLocation,edm:currentLocation
edm:ProvidedCHO,rdac:C10007,M,dc:extent,dc:extent
edm:ProvidedCHO,mocho:Manifestation,M,dc:extent,dc:extent
edm:ProvidedCHO,aco:AudioManifestation,M,dc:extent,dc:extent
edm:ProvidedCHO,mocho:ImageManifestation,M,dc:extent,dc:extent
edm:ProvidedCHO,ec:MediaResource,M,dc:extent,dc:extent
edm:ProvidedCHO,mo:MusicalManifestation,M,dc:extent,dc:extent
edm:ProvidedCHO,vra:Image,M,dc:extent,dc:extent
edm:ProvidedCHO,doco:Section,M,dc:extent,dc:extent
edm:ProvidedCHO,doco:Appendix,M,dc:extent,dc:extent
edm:ProvidedCHO,doco:Part,M,dc:extent,dc:extent
edm:ProvidedCHO,doco:Chapter,M,dc:extent,dc:extent
edm:ProvidedCHO,doco:Figure,M,dc:extent,dc:extent
edm:ProvidedCHO,doco:Index,M,dc:extent,dc:extent
edm:ProvidedCHO,doco:TableOfContents,M,dc:extent,dc:extent
edm:ProvidedCHO,doco:TextChunk,M,dc:extent,dc:extent
edm:ProvidedCHO,doco:Stanza,M,dc:extent,dc:extent
edm:ProvidedCHO,doco:Preface,M,dc:extent,dc:extent
edm:ProvidedCHO,rdac:C10001,W,dc:extent,dc:extent
edm:ProvidedCHO,mocho:ImmovableWork,W,dc:extent,dc:extent
edm:ProvidedCHO,mocho:ImageWork,W,dc:extent,dc:extent
edm:ProvidedCHO,vra:Work,W,dc:extent,dc:extent
edm:ProvidedCHO,mo:MusicalWork,W,dc:extent,dc:extent
edm:ProvidedCHO,ec:EditorialWork,W,dc:extent,dc:extent
edm:ProvidedCHO,rico:RecordSet,,dc:extent,dc:extent
edm:ProvidedCHO,rico:Record,,dc:extent,dc:extent
edm:ProvidedCHO,rico:RecordPart,,dc:extent,dc:extent
edm:ProvidedCHO,rdac:C10007,M,ddb:aggregationEntity,ddb:aggregationEntity
edm:ProvidedCHO,mocho:Manifestation,M,ddb:aggregationEntity,ddb:aggregationEntity
edm:ProvidedCHO,aco:AudioManifestation,M,ddb:aggregationEntity,ddb:aggregationEntity
edm:ProvidedCHO,mocho:ImageManifestation,M,ddb:aggregationEntity,ddb:aggregationEntity
edm:ProvidedCHO,ec:MediaResource,M,ddb:aggregationEntity,ddb:aggregationEntity
edm:ProvidedCHO,mo:MusicalManifestation,M,ddb:aggregationEntity,ddb:aggregationEntity
edm:ProvidedCHO,vra:Image,M,ddb:aggregationEntity,ddb:aggregationEntity
edm:ProvidedCHO,doco:Section,M,ddb:aggregationEntity,ddb:aggregationEntity
edm:ProvidedCHO,doco:Appendix,M,ddb:aggregationEntity,ddb:aggregationEntity
edm:ProvidedCHO,doco:Part,M,ddb:aggregationEntity,ddb:aggregationEntity
edm:ProvidedCHO,doco:Chapter,M,ddb:aggregationEntity,ddb:aggregationEntity
edm:ProvidedCHO,doco:Figure,M,ddb:aggregationEntity,ddb:aggregationEntity
edm:ProvidedCHO,doco:Index,M,ddb:aggregationEntity,ddb:aggregationEntity
edm:ProvidedCHO,doco:TableOfContents,M,ddb:aggregationEntity,ddb:aggregationEntity
edm:ProvidedCHO,doco:TextChunk,M,ddb:aggregationEntity,ddb:aggregationEntity
edm:ProvidedCHO,doco:Stanza,M,ddb:aggregationEntity,ddb:aggregationEntity
edm:ProvidedCHO,doco:Preface,M,ddb:aggregationEntity,ddb:aggregationEntity
edm:ProvidedCHO,rdac:C10001,W,ddb:aggregationEntity,ddb:aggregationEntity
edm:ProvidedCHO,mocho:ImmovableWork,W,ddb:aggregationEntity,ddb:aggregationEntity
edm:ProvidedCHO,mocho:ImageWork,W,ddb:aggregationEntity,ddb:aggregationEntity
edm:ProvidedCHO,vra:Work,W,ddb:aggregationEntity,ddb:aggregationEntity
edm:ProvidedCHO,mo:MusicalWork,W,ddb:aggregationEntity,ddb:aggregationEntity
edm:ProvidedCHO,ec:EditorialWork,W,ddb:aggregationEntity,ddb:aggregationEntity
edm:ProvidedCHO,rico:RecordSet,,ddb:aggregationEntity,ddb:aggregationEntity
edm:ProvidedCHO,rico:Record,,ddb:aggregationEntity,ddb:aggregationEntity
edm:ProvidedCHO,rico:RecordPart,,ddb:aggregationEntity,ddb:aggregationEntity
edm:ProvidedCHO,rdac:C10007,M,ddb:hierarchyPosition,ddb:hierarchyPosition
edm:ProvidedCHO,mocho:Manifestation,M,ddb:hierarchyPosition,ddb:hierarchyPosition
edm:ProvidedCHO,aco:AudioManifestation,M,ddb:hierarchyPosition,ddb:hierarchyPosition
edm:ProvidedCHO,mocho:ImageManifestation,M,ddb:hierarchyPosition,ddb:hierarchyPosition
edm:ProvidedCHO,ec:MediaResource,M,ddb:hierarchyPosition,ddb:hierarchyPosition
edm:ProvidedCHO,mo:MusicalManifestation,M,ddb:hierarchyPosition,ddb:hierarchyPosition
edm:ProvidedCHO,vra:Image,M,ddb:hierarchyPosition,ddb:hierarchyPosition
edm:ProvidedCHO,doco:Section,M,ddb:hierarchyPosition,ddb:hierarchyPosition
edm:ProvidedCHO,doco:Appendix,M,ddb:hierarchyPosition,ddb:hierarchyPosition
edm:ProvidedCHO,doco:Part,M,ddb:hierarchyPosition,ddb:hierarchyPosition
edm:ProvidedCHO,doco:Chapter,M,ddb:hierarchyPosition,ddb:hierarchyPosition
edm:ProvidedCHO,doco:Figure,M,ddb:hierarchyPosition,ddb:hierarchyPosition
edm:ProvidedCHO,doco:Index,M,ddb:hierarchyPosition,ddb:hierarchyPosition
edm:ProvidedCHO,doco:TableOfContents,M,ddb:hierarchyPosition,ddb:hierarchyPosition
edm:ProvidedCHO,doco:TextChunk,M,ddb:hierarchyPosition,ddb:hierarchyPosition
edm:ProvidedCHO,doco:Stanza,M,ddb:hierarchyPosition,ddb:hierarchyPosition
edm:ProvidedCHO,doco:Preface,M,ddb:hierarchyPosition,ddb:hierarchyPosition
edm:ProvidedCHO,rdac:C10001,W,ddb:hierarchyPosition,ddb:hierarchyPosition
edm:ProvidedCHO,mocho:ImmovableWork,W,ddb:hierarchyPosition,ddb:hierarchyPosition
edm:ProvidedCHO,mocho:ImageWork,W,ddb:hierarchyPosition,ddb:hierarchyPosition
edm:ProvidedCHO,vra:Work,W,ddb:hierarchyPosition,ddb:hierarchyPosition
edm:ProvidedCHO,mo:MusicalWork,W,ddb:hierarchyPosition,ddb:hierarchyPosition
edm:ProvidedCHO,ec:EditorialWork,W,ddb:hierarchyPosition,ddb:hierarchyPosition
edm:ProvidedCHO,rico:RecordSet,,ddb:hierarchyPosition,ddb:hierarchyPosition
edm:ProvidedCHO,rico:Record,,ddb:hierarchyPosition,ddb:hierarchyPosition
edm:ProvidedCHO,rico:RecordPart,,ddb:hierarchyPosition,ddb:hierarchyPosition
edm:ProvidedCHO,rdac:C10007,M,edm:type,mocho:mediaType
edm:ProvidedCHO,mocho:Manifestation,M,edm:type,mocho:mediaType
edm:ProvidedCHO,aco:AudioManifestation,M,edm:type,mocho:mediaType
edm:ProvidedCHO,mocho:ImageManifestation,M,edm:type,mocho:mediaType
edm:ProvidedCHO,ec:MediaResource,M,edm:type,mocho:mediaType
edm:ProvidedCHO,mo:MusicalManifestation,M,edm:type,mocho:mediaType
edm:ProvidedCHO,vra:Image,M,edm:type,mocho:mediaType
edm:ProvidedCHO,doco:Section,M,edm:type,mocho:mediaType
edm:ProvidedCHO,doco:Appendix,M,edm:type,mocho:mediaType
edm:ProvidedCHO,doco:Part,M,edm:type,mocho:mediaType
edm:ProvidedCHO,doco:Chapter,M,edm:type,mocho:mediaType
edm:ProvidedCHO,doco:Figure,M,edm:type,mocho:mediaType
edm:ProvidedCHO,doco:Index,M,edm:type,mocho:mediaType
edm:ProvidedCHO,doco:TableOfContents,M,edm:type,mocho:mediaType
edm:ProvidedCHO,doco:TextChunk,M,edm:type,mocho:mediaType
edm:ProvidedCHO,doco:Stanza,M,edm:type,mocho:mediaType
edm:ProvidedCHO,doco:Preface,M,edm:type,mocho:mediaType
edm:ProvidedCHO,rdac:C10001,W,edm:type,mocho:mediaType
edm:ProvidedCHO,mocho:ImmovableWork,W,edm:type,mocho:mediaType
edm:ProvidedCHO,mocho:ImageWork,W,edm:type,mocho:mediaType
edm:ProvidedCHO,vra:Work,W,edm:type,mocho:mediaType
edm:ProvidedCHO,mo:MusicalWork,W,edm:type,mocho:mediaType
edm:ProvidedCHO,ec:EditorialWork,W,edm:type,mocho:mediaType
edm:ProvidedCHO,rico:RecordSet,,edm:type,mocho:mediaType
edm:ProvidedCHO,rico:Record,,edm:type,mocho:mediaType
edm:ProvidedCHO,rico:RecordPart,,edm:type,mocho:mediaType
edm:ProvidedCHO,rdac:C10007,M,ddb:hierarchyType,ddb:hierarchyType
edm:ProvidedCHO,mocho:Manifestation,M,ddb:hierarchyType,ddb:hierarchyType
edm:ProvidedCHO,aco:AudioManifestation,M,ddb:hierarchyType,ddb:hierarchyType
edm:ProvidedCHO,mocho:ImageManifestation,M,ddb:hierarchyType,ddb:hierarchyType
edm:ProvidedCHO,ec:MediaResource,M,ddb:hierarchyType,ddb:hierarchyType
edm:ProvidedCHO,mo:MusicalManifestation,M,ddb:hierarchyType,ddb:hierarchyType
edm:ProvidedCHO,vra:Image,M,ddb:hierarchyType,ddb:hierarchyType
edm:ProvidedCHO,doco:Section,M,ddb:hierarchyType,ddb:hierarchyType
edm:ProvidedCHO,doco:Appendix,M,ddb:hierarchyType,ddb:hierarchyType
edm:ProvidedCHO,doco:Part,M,ddb:hierarchyType,ddb:hierarchyType
edm:ProvidedCHO,doco:Chapter,M,ddb:hierarchyType,ddb:hierarchyType
edm:ProvidedCHO,doco:Figure,M,ddb:hierarchyType,ddb:hierarchyType
edm:ProvidedCHO,doco:Index,M,ddb:hierarchyType,ddb:hierarchyType
edm:ProvidedCHO,doco:TableOfContents,M,ddb:hierarchyType,ddb:hierarchyType
edm:ProvidedCHO,doco:TextChunk,M,ddb:hierarchyType,ddb:hierarchyType
edm:ProvidedCHO,doco:Stanza,M,ddb:hierarchyType,ddb:hierarchyType
edm:ProvidedCHO,doco:Preface,M,ddb:hierarchyType,ddb:hierarchyType
edm:ProvidedCHO,rdac:C10001,W,ddb:hierarchyType,ddb:hierarchyType
edm:ProvidedCHO,mocho:ImmovableWork,W,ddb:hierarchyType,ddb:hierarchyType
edm:ProvidedCHO,mocho:ImageWork,W,ddb:hierarchyType,ddb:hierarchyType
edm:ProvidedCHO,vra:Work,W,ddb:hierarchyType,ddb:hierarchyType
edm:ProvidedCHO,mo:MusicalWork,W,ddb:hierarchyType,ddb:hierarchyType
edm:ProvidedCHO,ec:EditorialWork,W,ddb:hierarchyType,ddb:hierarchyType
edm:ProvidedCHO,rico:RecordSet,,ddb:hierarchyType,ddb:hierarchyType
edm:ProvidedCHO,rico:Record,,ddb:hierarchyType,ddb:hierarchyType
edm:ProvidedCHO,rico:RecordPart,,ddb:hierarchyType,ddb:hierarchyType
edm:Agent,mocho:Agent,,edm:altLabel,skos:altLabel
edm:Agent,mocho:Agent,,edm:begin,edm:begin
edm:Agent,mocho:Agent,,gndo:biographicalOrHistoricalInformation,gndo:biographicalOrHistoricalInformation
edm:Agent,mocho:Agent,,dc:date,dc:date
edm:Agent,mocho:Agent,,gndo:dateOfBirth,gndo:dateOfBirth
edm:Agent,mocho:Agent,,gndo:dateOfDeath,gndo:dateOfDeath
edm:Agent,mocho:Agent,,gndo:dateOfEstablishment,gndo:dateOfEstablishment
edm:Agent,mocho:Agent,,gndo:dateOfTermination,gndo:dateOfTermination
edm:Agent,mocho:Agent,,edm:end,edm:end
edm:Agent,mocho:Agent,,gndo:gender,gndo:gender
edm:Agent,mocho:Agent,,edm:hasMet,edm:hasMet
edm:Agent,mocho:Agent,,dct:hasPart,dct:hasPart
edm:Agent,mocho:Agent,,dc:identifier,gndo:gndIdentifier
edm:Agent,mocho:Agent,,dct:isPartOf,dct:isPartOf
edm:Agent,mocho:Agent,,edm:isRelatedTo,edm:isRelatedTo
edm:Agent,mocho:Agent,,foaf:name,foaf:name
edm:Agent,mocho:Agent,,skos:note,skos:note
edm:Agent,mocho:Agent,,gndo:placeOfBirth,gndo:placeOfBirth
edm:Agent,mocho:Agent,,gndo:placeOfDeath,gndo:placeOfDeath
edm:Agent,mocho:Agent,,skos:prefLabel,skos:prefLabel
edm:Agent,mocho:Agent,,gndo:professionOrOccupation,gndo:professionOrOccupation
edm:Agent,mocho:Agent,,owl:sameAs,owl:sameAs
edm:Agent,mocho:Agent,,dc:type,dc:type
edm:Agent,mocho:Agent,,edm:wasPresentAt,edm:wasPresentAt
edm:Aggregation,,,edm:isShownAt,dcterms:source
edm:Aggregation,,,dcterms:rights,dcterms:rights
edm:Aggregation,,,edm:dataProvider,edm:dataProvider
edm:Aggregation,,,edm:object,foaf:thumbnail
edm:Place,,,skos:prefLabel,rdfs:label
